date,baseline_sessions,social_sessions,direct_sessions,search_sessions,other_sessions,total_sessions,new_sessions,returning_sessions,non_social_conversion_rate,social_conversion_rate,orders,aov,revenue,primary_outcome_count,primary_outcome_label,orders_expected_baseline,orders_shortfall
2024-01-01,638,290,145,372,121,928,655,273,0.02050590084617217,0.046721941730894806,27,72.52,1958.04,27,Orders,27,0
2024-01-02,567,145,178,308,81,712,490,222,0.014802537197157205,0.04476357218617356,15,75.75,1136.25,15,Orders,15,0
2024-01-03,625,515,204,292,129,1140,827,313,0.02170582470595129,0.04963635924395844,39,66.12,2578.68,39,Orders,39,0
2024-01-04,683,529,219,319,145,1212,917,295,0.020001261787844872,0.040552804530828386,35,82.23,2878.05,35,Orders,35,0
2024-01-05,580,416,176,248,156,996,706,290,0.023913539561402186,0.03164778172161276,27,70.1,1892.7,27,Orders,27,0
2024-01-06,646,287,210,297,139,933,664,269,0.022435009901328823,0.05261820726080184,30,66.11,1983.3,30,Orders,30,0
2024-01-07,609,105,155,352,102,714,511,203,0.014274660230745907,0.026205122512220676,11,72.06,792.66,11,Orders,11,0
2024-01-08,678,33,228,304,146,711,499,212,0.016973021352999537,0.03653876415151228,13,57.28,744.64,13,Orders,13,0
2024-01-09,614,379,189,311,114,993,724,269,0.01870769857011607,0.041277071353755156,27,74.82,2020.14,27,Orders,27,0
2024-01-10,609,264,198,300,111,873,629,244,0.02280398505748637,0.04322408881140875,25,73.8,1845.0,25,Orders,25,0
2024-01-11,682,169,211,316,155,851,602,249,0.022058787951077966,0.032891244443055266,21,78.0,1638.0,21,Orders,21,0
2024-01-12,671,37,218,345,108,708,510,198,0.02253379190385563,0.03314868380820923,16,75.64,1210.24,16,Orders,16,0
2024-01-13,619,161,181,328,110,780,556,224,0.021884830348313452,0.052828986627249636,22,72.67,1598.74,22,Orders,22,0
2024-01-14,567,394,173,281,113,961,709,252,0.016597382138722253,0.032435255658753506,22,67.21,1478.62,22,Orders,22,0
2024-01-15,578,296,186,271,121,874,654,220,0.015901602335737477,0.047958822409744896,23,66.51,1529.73,23,Orders,23,0
2024-01-16,645,129,202,340,103,774,550,224,0.024932124574928372,0.033127418559815956,20,77.98,1559.6,20,Orders,20,0
2024-01-17,646,84,180,329,137,730,499,231,0.01229814737247471,0.04497185867153425,12,77.38,928.56,12,Orders,12,0
2024-01-18,586,279,140,306,140,865,608,257,0.01549201330798563,0.06154680128939268,26,72.81,1893.06,26,Orders,26,0
2024-01-19,672,355,205,354,113,1027,730,297,0.021547732569569884,0.04803402834527422,32,79.04,2529.28,32,Orders,32,0
2024-01-20,649,246,189,331,129,895,619,276,0.016665173586304722,0.05656707305266736,25,83.74,2093.5,25,Orders,25,0
2024-01-21,615,336,190,284,141,951,669,282,0.016220340860956636,0.04142462901162387,24,73.76,1770.24,24,Orders,24,0
2024-01-22,628,326,222,332,74,954,681,273,0.014643269935767152,0.04826229169594533,25,72.22,1805.5,25,Orders,25,0
2024-01-23,639,262,188,300,151,901,652,249,0.02264396360316375,0.05164365374761048,28,68.68,1923.04,28,Orders,28,0
2024-01-24,614,456,190,288,136,1070,751,319,0.01099462755031164,0.040512741385426085,25,71.12,1778.0,25,Orders,25,0
2024-01-25,656,205,172,339,145,861,617,244,0.019533330491410355,0.04073839767077286,21,66.03,1386.63,21,Orders,21,0
2024-01-26,628,248,161,333,134,876,635,241,0.020171476905501903,0.03893043832334707,22,81.76,1798.72,22,Orders,22,0
2024-01-27,629,79,207,320,102,708,483,225,0.017437487186000453,0.02765257149544499,13,81.52,1059.76,13,Orders,13,0
2024-01-28,664,40,190,300,174,704,473,231,0.020645369925065413,0.04913654890840035,16,84.31,1348.96,16,Orders,16,0
2024-01-29,649,137,214,321,114,786,573,213,0.017126528123919835,0.04103314773783124,17,64.15,1090.55,17,Orders,17,0
2024-01-30,587,267,192,303,92,854,598,256,0.015590257046565326,0.040874307253430144,20,82.73,1654.6,20,Orders,20,0
2024-01-31,635,255,175,322,138,890,632,258,0.015483520539995401,0.038370031938496474,20,73.2,1464.0,20,Orders,20,0
2024-02-01,601,110,179,314,108,711,494,217,0.020491332427576794,0.04434642072546782,17,75.3,1280.1,17,Orders,17,0
2024-02-02,641,104,186,311,144,745,527,218,0.012147711390326481,0.03362886693444455,11,76.07,836.77,11,Orders,11,0
2024-02-03,650,266,207,317,126,916,663,253,0.024169808887820866,0.03597371364194274,25,76.65,1916.25,25,Orders,25,0
2024-02-04,591,332,197,279,115,923,636,287,0.014657239569698048,0.038754970609158036,22,83.26,1831.72,22,Orders,22,0
2024-02-05,668,331,222,348,98,999,710,289,0.024856380387435692,0.04541054573344453,32,72.78,2328.96,32,Orders,32,0
2024-02-06,695,262,261,339,95,957,685,272,0.014640565537281594,0.03852630217588606,20,69.06,1381.2,20,Orders,20,0
2024-02-07,649,199,194,387,68,848,608,240,0.018048249403705516,0.03492970994310892,19,70.15,1332.85,19,Orders,19,0
2024-02-08,600,145,173,303,124,745,537,208,0.01139662298919945,0.032455532781405304,12,80.86,970.32,12,Orders,12,0
2024-02-09,632,176,190,321,121,808,602,206,0.021364377888723196,0.023972230758715508,18,77.14,1388.52,18,Orders,18,0
2024-02-10,647,149,239,303,105,796,565,231,0.02116736240481529,0.025200763917536805,17,76.06,1293.02,17,Orders,17,0
2024-02-11,654,182,188,328,138,836,568,268,0.023339628015339745,0.05122408838084875,25,94.43,2360.75,25,Orders,25,0
2024-02-12,656,227,209,350,97,883,614,269,0.015580173156994817,0.030125637559186163,17,76.77,1305.09,17,Orders,17,0
2024-02-13,615,104,185,274,156,719,515,204,0.019132661520217725,0.03474493229116459,15,62.87,943.05,15,Orders,15,0
2024-02-14,623,140,189,331,103,763,504,259,0.01134908649637723,0.026041971742331325,11,79.81,877.91,11,Orders,11,0
2024-02-15,663,235,178,357,128,898,623,275,0.012244738781854472,0.044959450062224376,19,89.48,1700.12,19,Orders,19,0
2024-02-16,736,233,200,400,136,969,692,277,0.017530037736605046,0.04604420384543295,24,71.87,1724.88,24,Orders,24,0
2024-02-17,650,104,193,324,133,754,520,234,0.014621416079986077,0.037631845715241606,13,85.21,1107.73,13,Orders,13,0
2024-02-18,641,504,121,338,182,1145,818,327,0.022923307232301512,0.03409152265442995,32,60.08,1922.56,32,Orders,32,0
2024-02-19,662,370,199,345,118,1032,744,288,0.021292151886956618,0.04586539887806735,31,76.23,2363.13,31,Orders,31,0
2024-02-20,699,404,198,336,165,1103,769,334,0.019512266688646758,0.03446256626872701,28,69.39,1942.92,28,Orders,28,0
2024-02-21,647,303,233,286,128,950,656,294,0.0220030440782271,0.05056291844568002,30,86.09,2582.7,30,Orders,30,0
2024-02-22,562,135,184,244,134,697,481,216,0.019956323928527482,0.03553276602935399,16,82.07,1313.12,16,Orders,16,0
2024-02-23,629,149,191,307,131,778,529,249,0.021420793568324735,0.026199255474551483,17,77.16,1311.72,17,Orders,17,0
2024-02-24,624,476,162,343,119,1100,795,305,0.01595874443328308,0.044840170013631706,31,67.87,2103.97,31,Orders,31,0
2024-02-25,614,423,175,292,147,1037,747,290,0.02183351425354197,0.03396970706106179,28,67.84,1899.52,28,Orders,28,0
2024-02-26,604,441,187,295,122,1045,788,257,0.013103043725085577,0.03558875071928235,24,62.94,1510.56,24,Orders,24,0
2024-02-27,619,168,203,304,112,787,572,215,0.014206058420330082,0.044531309493942337,16,66.18,1058.88,16,Orders,16,0
2024-02-28,736,172,219,384,133,908,632,276,0.014487207104723244,0.044563773367271714,18,88.52,1593.36,18,Orders,18,0
2024-02-29,678,179,163,365,150,857,594,263,0.01770207541053493,0.02905389075412269,17,68.17,1158.89,17,Orders,17,0
2024-03-01,663,193,240,308,115,856,589,267,0.020016514946202487,0.030099171696859172,19,79.51,1510.69,19,Orders,19,0
2024-03-02,614,266,196,327,91,880,626,254,0.015735434889344407,0.043185678370272595,21,73.01,1533.21,21,Orders,21,0
2024-03-03,644,380,212,324,108,1024,719,305,0.02383167826997978,0.039877892837074165,31,85.64,2654.84,31,Orders,31,0
2024-03-04,673,264,218,326,129,937,661,276,0.010280944140756797,0.040375630658687905,18,70.5,1269.0,18,Orders,18,0
2024-03-05,656,453,170,330,156,1109,815,294,0.016625635927486337,0.06211361088521891,39,63.78,2487.42,39,Orders,39,0
2024-03-06,658,422,156,326,176,1080,808,272,0.010128262775025338,0.03620896944891933,22,72.25,1589.5,22,Orders,22,0
2024-03-07,721,490,234,345,142,1211,832,379,0.02477002713217097,0.056040949248089854,45,66.22,2979.9,45,Orders,45,0
2024-03-08,714,276,215,345,154,990,692,298,0.011864419693729429,0.024664859044076778,15,85.21,1278.15,15,Orders,15,0
2024-03-09,687,109,234,305,148,796,568,228,0.015167976668477754,0.03256605539217211,14,76.16,1066.24,14,Orders,14,0
2024-03-10,616,18,188,314,114,634,443,191,0.024993160690677557,0.04160412755265754,16,68.8,1100.8,16,Orders,16,0
2024-03-11,675,54,215,362,98,729,491,238,0.0250040922719852,0.04112688688621995,19,68.66,1304.54,19,Orders,19,0
2024-03-12,635,150,188,286,161,785,520,265,0.025048747349557195,0.024765803231429215,20,75.11,1502.2,20,Orders,20,0
2024-03-13,650,255,206,333,111,905,619,286,0.014966830659609003,0.0431050533603895,21,94.81,1991.01,21,Orders,21,0
2024-03-14,670,477,220,347,103,1147,810,337,0.022745224815178034,0.054398242361825,41,81.12,3325.92,41,Orders,41,0
2024-03-15,689,443,177,370,142,1132,791,341,0.016195227549694123,0.031113061531796795,25,78.88,1972.0,25,Orders,25,0
2024-03-16,713,199,184,357,172,912,653,259,0.020460391623260896,0.038925876952469775,22,63.3,1392.6,22,Orders,22,0
2024-03-17,597,55,148,302,147,652,442,210,0.013624693675593645,0.03541445056012739,10,77.5,775.0,10,Orders,10,0
2024-03-18,706,223,210,373,123,929,656,273,0.012915436153875927,0.02637629294763393,15,65.8,987.0,15,Orders,15,0
2024-03-19,661,241,200,345,116,902,633,269,0.02548909074420236,0.027875469910303263,24,75.71,1817.04,24,Orders,24,0
2024-03-20,682,256,249,302,131,938,677,261,0.024417581192552513,0.03739765896540696,26,76.22,1981.72,26,Orders,26,0
2024-03-21,652,236,181,330,141,888,614,274,0.018004062258129963,0.02944134399842196,19,80.42,1527.98,19,Orders,19,0
2024-03-22,741,385,225,358,158,1126,813,313,0.020142527899413096,0.0452076162353956,32,79.64,2548.48,32,Orders,32,0
2024-03-23,686,399,168,353,165,1085,757,328,0.022353039660050856,0.035419926214389226,29,74.93,2172.97,29,Orders,29,0
2024-03-24,717,182,222,360,135,899,655,244,0.016778975453012827,0.03900357006091597,19,70.06,1331.14,19,Orders,19,0
2024-03-25,660,312,194,322,144,972,683,289,0.012058166672759128,0.030654894199852314,18,67.22,1209.96,18,Orders,18,0
2024-03-26,726,229,245,371,110,955,661,294,0.01936249269405318,0.02729667699633044,20,71.88,1437.6,20,Orders,20,0
2024-03-27,698,259,201,338,159,957,690,267,0.01793595512577576,0.042293458327362074,23,74.61,1716.03,23,Orders,23,0
2024-03-28,663,141,216,327,120,804,554,250,0.015584091229460157,0.021204258122387735,13,78.2,1016.6,13,Orders,13,0
2024-03-29,687,137,252,321,114,824,581,243,0.010381123666877868,0.048963216470776935,14,73.09,1023.26,14,Orders,14,0
2024-03-30,673,50,221,284,168,723,470,253,0.011797795927303747,0.028087328481275337,9,70.63,635.67,9,Orders,9,0
2024-03-31,667,20,184,335,148,687,491,196,0.025401804842160532,0.04018252186465729,18,62.8,1130.4,18,Orders,18,0
2024-04-01,745,124,210,374,161,869,546,323,0.018250545365270657,0.04006082404788054,19,79.6,1512.4,19,Orders,19,0
2024-04-02,707,134,214,356,137,841,597,244,0.016018318202415047,0.04545728881851696,17,83.17,1413.89,17,Orders,17,0
2024-04-03,684,67,207,325,152,751,538,213,0.025324862034284332,0.04793099359298078,21,76.3,1602.3,21,Orders,21,0
2024-04-04,643,171,218,286,139,814,594,220,0.020856236277035926,0.038497454887078036,20,77.96,1559.2,20,Orders,20,0
2024-04-05,737,76,209,365,163,813,545,268,0.022096337987158612,0.03392872276470645,19,79.95,1519.05,19,Orders,19,0
2024-04-06,699,279,228,317,154,978,688,290,0.020335046799751115,0.048952127164981984,28,76.25,2135.0,28,Orders,28,0
2024-04-07,691,211,210,340,141,902,646,256,0.016017280248886368,0.03422893957706036,18,80.73,1453.14,18,Orders,18,0
2024-04-08,675,105,204,321,150,780,549,231,0.013239276238758512,0.04386828302472181,14,70.06,980.84,14,Orders,14,0
2024-04-09,760,153,208,357,195,913,662,251,0.017943289274268113,0.032361146258817315,19,80.93,1537.67,19,Orders,19,0
2024-04-10,750,283,236,358,156,1033,707,326,0.020850418968865338,0.03729471468416984,26,73.06,1899.56,26,Orders,26,0
2024-04-11,696,589,203,355,138,1285,916,369,0.016182176831853932,0.04650525702167249,39,77.82,3034.98,39,Orders,39,0
2024-04-12,692,278,209,368,115,970,667,303,0.024771127904441314,0.03652698823345547,27,72.03,1944.81,27,Orders,27,0
2024-04-13,697,200,199,357,141,897,649,248,0.013598837797078382,0.030578816934471616,16,74.83,1197.28,16,Orders,16,0
2024-04-14,708,105,242,361,105,813,550,263,0.013323775735991162,0.04259744968003374,14,72.45,1014.3,14,Orders,14,0
2024-04-15,715,181,222,376,117,896,634,262,0.025466513438901814,0.03718811401260589,25,89.07,2226.75,25,Orders,25,0
2024-04-16,666,287,174,367,125,953,669,284,0.015266800935015425,0.034215210699831966,20,70.03,1400.6,20,Orders,20,0
2024-04-17,695,136,161,377,157,831,585,246,0.015059736139520523,0.029693044875940804,15,74.82,1122.3,15,Orders,15,0
2024-04-18,724,52,202,361,161,776,516,260,0.010729090415118714,0.03356229572339359,10,68.44,684.4,10,Orders,10,0
2024-04-19,768,88,194,377,197,856,557,299,0.01197404216060044,0.05161379806701146,14,64.86,908.04,14,Orders,14,0
2024-04-20,754,268,279,349,126,1022,708,314,0.018327931195311595,0.04553177316188142,26,80.51,2093.26,26,Orders,26,0
2024-04-21,744,415,245,324,175,1159,818,341,0.012736314755452994,0.04837659228115414,30,76.66,2299.8,30,Orders,30,0
2024-04-22,712,426,207,352,153,1138,803,335,0.024716944139527103,0.03647607074584296,33,77.45,2555.85,33,Orders,33,0
2024-04-23,763,293,268,373,122,1056,765,291,0.01137515907102805,0.04045318599375375,21,77.26,1622.46,21,Orders,21,0
2024-04-24,786,409,260,404,122,1195,819,376,0.013552182212033366,0.06789968789175664,38,81.24,3087.12,38,Orders,38,0
2024-04-25,797,176,211,399,187,973,686,287,0.012929590820561571,0.03901525795523987,17,79.6,1353.2,17,Orders,17,0
2024-04-26,818,74,250,388,180,892,598,294,0.011469625126059401,0.0469240318752684,13,77.58,1008.54,13,Orders,13,0
2024-04-27,761,464,248,351,162,1225,847,378,0.01222772356655667,0.03991057812468538,28,68.44,1916.32,28,Orders,28,0
2024-04-28,756,402,222,398,136,1158,793,365,0.023386720106634572,0.024413646871328354,27,79.23,2139.21,27,Orders,27,0
2024-04-29,829,201,170,443,216,1030,723,307,0.02374661146778854,0.03161774063331728,26,62.12,1615.12,26,Orders,26,0
2024-04-30,774,43,212,413,149,817,524,293,0.021729677023604788,0.04870563866106982,19,74.04,1406.76,19,Orders,19,0
2024-05-01,824,507,243,413,168,1331,887,444,0.022758840678708356,0.045879064565568485,42,79.96,3358.32,42,Orders,42,0
2024-05-02,807,400,282,423,102,1207,845,362,0.02299124423071662,0.031443432486370076,31,64.88,2011.28,31,Orders,31,0
2024-05-03,749,266,257,370,122,1015,698,317,0.011552673652009461,0.04713705433573583,21,95.43,2004.03,21,Orders,21,0
2024-05-04,818,259,263,402,153,1077,725,352,0.0156607047562929,0.04276639341899972,24,84.9,2037.6,24,Orders,24,0
2024-05-05,814,513,199,443,172,1327,930,397,0.012002579398645252,0.04192389165127973,31,84.18,2609.58,31,Orders,31,0
2024-05-06,813,248,257,370,186,1061,736,325,0.019708696663936882,0.03912557060733987,26,61.03,1586.78,26,Orders,26,0
2024-05-07,814,263,255,471,88,1077,719,358,0.0198843483457986,0.06013961470985953,32,68.86,2203.52,32,Orders,32,0
2024-05-08,782,235,259,360,163,1017,756,261,0.025236976286118293,0.03932722283590811,29,83.52,2422.08,29,Orders,29,0
2024-05-09,817,400,245,436,136,1217,870,347,0.01351071277302306,0.04187137894324475,28,82.71,2315.88,28,Orders,28,0
2024-05-10,823,399,238,428,157,1222,845,377,0.026967021784279906,0.06121956923484624,47,67.59,3176.73,47,Orders,47,0
2024-05-11,891,516,299,448,144,1407,958,449,0.019438855842004766,0.0577685875021598,47,74.24,3489.28,47,Orders,47,0
2024-05-12,840,561,261,420,159,1401,1005,396,0.011347363585731735,0.03099409773979805,27,89.13,2406.51,27,Orders,27,0
2024-05-13,863,253,223,449,191,1116,782,334,0.021794597808275196,0.035749126909725586,28,82.96,2322.88,28,Orders,28,0
2024-05-14,928,225,296,439,193,1153,802,351,0.013024648582645935,0.02722984205707233,18,72.46,1304.28,18,Orders,18,0
2024-05-15,773,223,240,387,146,996,661,335,0.02257379715209802,0.04011193676796054,26,62.48,1624.48,26,Orders,26,0
2024-05-16,903,334,282,453,168,1237,878,359,0.01209782661654168,0.039521719072652534,24,77.28,1854.72,24,Orders,24,0
2024-05-17,866,314,228,473,165,1180,786,394,0.01270035458839777,0.047064729897463985,26,76.96,2000.96,26,Orders,26,0
2024-05-18,840,456,289,397,154,1296,863,433,0.023139572045478334,0.03417840037350929,35,81.87,2865.45,35,Orders,35,0
2024-05-19,804,465,246,406,152,1269,875,394,0.012164659226755699,0.047757678608228146,32,87.86,2811.52,32,Orders,32,0
2024-05-20,906,363,249,452,205,1269,846,423,0.024890861258234274,0.039572962870966386,37,60.63,2243.31,37,Orders,37,0
2024-05-21,875,464,208,471,196,1339,906,433,0.02233768165498747,0.05992202437500959,47,75.97,3570.59,47,Orders,47,0
2024-05-22,845,683,285,384,176,1528,1034,494,0.01335742168283092,0.053241338535973994,48,71.76,3444.48,48,Orders,48,0
2024-05-23,813,824,280,399,134,1637,1178,459,0.02594639073081097,0.04291111322236542,56,66.67,3733.52,56,Orders,56,0
2024-05-24,908,642,280,493,135,1550,1089,461,0.0205174182362808,0.03314143708352352,40,68.21,2728.4,40,Orders,40,0
2024-05-25,932,260,276,452,204,1192,787,405,0.01535393749290678,0.051578993934042895,28,65.62,1837.36,28,Orders,28,0
2024-05-26,824,67,298,372,154,891,548,343,0.01955822420205164,0.028178557869394723,18,66.37,1194.66,18,Orders,18,0
2024-05-27,863,101,280,417,166,964,652,312,0.018595611224750525,0.04470491705440813,21,73.69,1547.49,21,Orders,21,0
2024-05-28,881,51,288,413,180,932,591,341,0.018267683708574733,0.028253209186641245,18,57.88,1041.84,18,Orders,18,0
2024-05-29,905,239,235,492,178,1144,791,353,0.027287661616734314,0.028635665915857623,32,66.82,2138.24,32,Orders,32,0
2024-05-30,850,539,312,449,89,1389,988,401,0.025119488624882395,0.05227811322669354,50,66.59,3329.5,50,Orders,50,0
2024-05-31,958,269,278,487,193,1227,881,346,0.020675633088679618,0.045327065619566446,32,70.14,2244.48,32,Orders,32,0
2024-06-01,866,384,324,388,154,1250,873,377,0.013503571889756183,0.037109563310803374,26,84.28,2191.28,26,Orders,26,0
2024-06-02,855,138,269,412,174,993,680,313,0.01335015162016773,0.039211006419428825,17,77.95,1325.15,17,Orders,17,0
2024-06-03,834,367,229,403,202,1201,789,412,0.02329535604639415,0.044975399569876694,36,71.62,2578.32,36,Orders,36,0
2024-06-04,820,323,252,454,114,1143,777,366,0.023392816317850784,0.04429368755685314,33,83.39,2751.87,33,Orders,33,0
2024-06-05,902,446,234,482,186,1348,892,456,0.026578892753786602,0.030158917397473874,37,76.63,2835.31,37,Orders,37,0
2024-06-06,874,186,256,481,137,1060,666,394,0.025249397892617643,0.036030047489545844,29,73.6,2134.4,29,Orders,29,0
2024-06-07,836,71,223,430,183,907,634,273,0.016614959288020082,0.05362600151300666,18,70.3,1265.4,18,Orders,18,0
2024-06-08,827,156,209,445,173,983,610,373,0.019642192515751156,0.0400447375901557,22,74.19,1632.18,22,Orders,22,0
2024-06-09,915,751,318,425,172,1666,1160,506,0.017632984458971743,0.04776090530706971,52,71.58,3722.16,52,Orders,52,0
2024-06-10,923,376,240,488,195,1299,873,426,0.015635517163330653,0.031240878876882355,26,76.5,1989.0,26,Orders,26,0
2024-06-11,901,499,243,470,188,1400,966,434,0.02473643429571844,0.051232945930609446,48,68.89,3306.72,48,Orders,48,0
2024-06-12,881,335,253,444,184,1216,873,343,0.027411236982371273,0.02982983690762458,34,83.65,2844.1,34,Orders,34,0
2024-06-13,850,167,294,377,179,1017,699,318,0.019239792569869983,0.03249690412673662,22,88.48,1946.56,22,Orders,22,0
2024-06-14,920,355,286,508,126,1275,872,403,0.01775130641223812,0.06133616412535884,38,73.25,2783.5,38,Orders,38,0
2024-06-15,933,295,270,451,212,1228,866,362,0.022076127038000323,0.03592033589394648,31,66.56,2063.36,31,Orders,31,0
2024-06-16,886,254,284,446,156,1140,768,372,0.014002093680451435,0.03279260978613598,21,78.57,1649.97,21,Orders,21,0
2024-06-17,866,490,314,360,192,1356,915,441,0.02190817796054627,0.05017626055045993,44,71.2,3132.8,44,Orders,44,0
2024-06-18,948,346,258,448,242,1294,899,395,0.012007501548113439,0.041901482621212356,26,70.44,1831.44,26,Orders,26,0
2024-06-19,838,160,280,374,184,998,676,322,0.025750330365862058,0.03795923352852131,28,75.07,2101.96,28,Orders,28,0
2024-06-20,888,318,296,451,141,1206,791,415,0.02128330818353182,0.04007466540957217,32,65.65,2100.8,32,Orders,32,0
2024-06-21,955,587,307,470,178,1542,1095,447,0.024822622649625887,0.035707794910794226,45,71.99,3239.55,45,Orders,45,0
2024-06-22,865,294,251,432,182,1159,766,393,0.013092833448981494,0.03983879124722431,23,77.19,1775.37,23,Orders,23,0
2024-06-23,847,293,239,403,205,1140,806,334,0.025250276486020583,0.0546638452799822,37,92.24,3412.88,37,Orders,37,0
2024-06-24,755,962,219,406,130,1717,1222,495,0.027421138846796235,0.04568673772113945,65,69.2,4498.0,65,Orders,65,0
2024-06-25,804,775,260,382,162,1579,1105,474,0.02740792800076875,0.033658239115301025,48,85.83,4119.84,48,Orders,48,0
2024-06-26,829,612,212,440,177,1441,1016,425,0.01316746875759854,0.032131504319521415,31,75.15,2329.65,31,Orders,31,0
2024-06-27,907,358,330,458,119,1265,861,404,0.01918340948792517,0.04215087032415201,32,75.4,2412.8,32,Orders,32,0
2024-06-28,770,142,226,381,163,912,564,348,0.014782671596025598,0.039060579729339136,17,77.21,1312.57,17,Orders,17,0
2024-06-29,907,222,291,420,196,1129,781,348,0.024947177821694012,0.030952266901213745,29,81.66,2368.14,29,Orders,29,0
2024-06-30,808,331,252,411,145,1139,800,339,0.020817922018112524,0.04928404159534036,33,69.74,2301.42,33,Orders,33,0
2024-07-01,789,471,254,351,184,1260,846,414,0.024564122110087336,0.056780724035858814,46,76.63,3524.98,46,Orders,46,0
2024-07-02,809,213,214,415,180,1022,663,359,0.020583317251793586,0.0467703981520871,27,66.65,1799.55,27,Orders,27,0
2024-07-03,733,236,181,398,154,969,660,309,0.025619596327314524,0.04248716455779793,29,81.52,2364.08,29,Orders,29,0
2024-07-04,795,332,221,394,180,1127,753,374,0.019888025718865054,0.04583417360861186,31,65.48,2029.88,31,Orders,31,0
2024-07-05,831,577,240,412,179,1408,978,430,0.016200112865642206,0.030240157451069706,31,66.07,2048.17,31,Orders,31,0
2024-07-06,686,268,206,401,79,954,632,322,0.021221411878647792,0.027225491689460864,22,68.94,1516.68,22,Orders,22,0
2024-07-07,719,428,213,386,120,1147,784,363,0.012418246902723322,0.029747123787090556,22,77.04,1694.88,22,Orders,22,0
2024-07-08,699,232,220,329,150,931,616,315,0.017618867754740055,0.02961374655728889,19,64.06,1217.14,19,Orders,19,0
2024-07-09,747,707,254,350,143,1454,1024,430,0.02163431357656051,0.043836137954309094,47,63.4,2979.8,47,Orders,47,0
2024-07-10,740,313,199,369,172,1053,716,337,0.015234131552902971,0.04745777955574518,26,52.94,1376.44,26,Orders,26,0
2024-07-11,800,384,280,389,131,1184,796,388,0.01962117139540664,0.04647949044020842,34,77.37,2630.58,34,Orders,34,0
2024-07-12,686,428,152,391,143,1114,748,366,0.023418454486788032,0.02659396006531985,27,72.93,1969.11,27,Orders,27,0
2024-07-13,765,424,234,353,178,1189,808,381,0.019648093035806908,0.041172949190719246,32,79.37,2539.84,32,Orders,32,0
2024-07-14,702,182,229,321,152,884,617,267,0.012099843817416439,0.03192756677484468,14,73.89,1034.46,14,Orders,14,0
2024-07-15,733,53,227,374,132,786,499,287,0.015931432368726454,0.04873385201751827,14,71.57,1001.98,14,Orders,14,0
2024-07-16,712,269,173,368,171,981,616,365,0.011417902198746395,0.049894030268625975,22,73.01,1606.22,22,Orders,22,0
2024-07-17,738,134,234,332,172,872,547,325,0.01373382420004329,0.03746984729904528,15,85.85,1287.75,15,Orders,15,0
2024-07-18,681,458,208,333,140,1139,763,376,0.015261543382304985,0.034112835139574686,26,76.24,1982.24,26,Orders,26,0
2024-07-19,747,423,217,364,166,1170,792,378,0.024670824953128657,0.0401965790279106,35,84.39,2953.65,35,Orders,35,0
2024-07-20,735,358,206,369,160,1093,769,324,0.013561893542881617,0.03603621701016637,23,72.55,1668.65,23,Orders,23,0
2024-07-21,650,457,219,289,142,1107,778,329,0.01120675514430333,0.026410561488809835,19,68.37,1299.03,19,Orders,19,0
2024-07-22,690,372,208,365,117,1062,740,322,0.014498270750131208,0.051751611680196305,29,73.13,2120.77,29,Orders,29,0
2024-07-23,711,278,195,358,158,989,662,327,0.024228952821542575,0.033849385411768206,27,72.77,1964.79,27,Orders,27,0
2024-07-24,660,565,207,328,125,1225,894,331,0.01571325822294816,0.04542860211665515,36,75.91,2732.76,36,Orders,36,0
2024-07-25,657,525,183,345,129,1182,823,359,0.024279285429418,0.04381645991974064,39,82.43,3214.77,39,Orders,39,0
2024-07-26,673,297,194,353,126,970,672,298,0.01258165121828448,0.026954677766397355,16,58.96,943.36,16,Orders,16,0
2024-07-27,707,90,241,326,140,797,513,284,0.023551055183117474,0.02628633125094856,19,69.49,1320.31,19,Orders,19,0
2024-07-28,712,165,232,273,207,877,584,293,0.010633041350053872,0.03003910993746689,13,76.22,990.86,13,Orders,13,0
2024-07-29,663,324,174,375,114,987,648,339,0.012128582416262093,0.04896405312226637,24,77.86,1868.64,24,Orders,24,0
2024-07-30,713,343,200,360,153,1056,758,298,0.024016316065625785,0.04218271663487979,32,77.23,2471.36,32,Orders,32,0
2024-07-31,624,310,159,343,122,934,635,299,0.017583128730821452,0.04783824243792693,26,69.23,1799.98,26,Orders,26,0
2024-08-01,770,215,202,378,190,985,644,341,0.023296672745274177,0.026369436838158383,24,57.29,1374.96,24,Orders,24,0
2024-08-02,680,160,185,324,171,840,527,313,0.010081315420786314,0.03938743392526109,13,78.37,1018.81,13,Orders,13,0
2024-08-03,745,60,240,345,160,805,519,286,0.021839683238790444,0.04127840631929183,19,62.27,1183.13,19,Orders,19,0
2024-08-04,680,115,219,344,117,795,529,266,0.017662648310699965,0.04580694180232531,17,63.12,1073.04,17,Orders,17,0
2024-08-05,682,84,215,336,131,766,501,265,0.019825230056194864,0.027247003669429073,16,66.55,1064.8,16,Orders,16,0
2024-08-06,710,42,186,343,181,752,470,282,0.02368141043669085,0.047018361800027185,19,73.1,1388.9,19,Orders,19,0
2024-08-07,705,300,201,351,153,1005,672,333,0.01925618890086676,0.03725463948083965,25,72.78,1819.5,25,Orders,25,0
2024-08-08,639,146,201,314,124,785,537,248,0.019477574514812943,0.034926820275917814,18,70.72,1272.96,18,Orders,18,0
2024-08-09,674,492,202,359,113,1166,809,357,0.012876294735507233,0.0469478976172636,32,79.22,2535.04,32,Orders,32,0
2024-08-10,687,418,190,384,113,1105,785,320,0.0165504663644843,0.03914219351453535,28,87.86,2460.08,28,Orders,28,0
2024-08-11,679,627,199,362,118,1306,930,376,0.024143329704057744,0.06063578081384507,54,66.63,3598.02,54,Orders,54,0
2024-08-12,679,447,231,326,122,1126,782,344,0.012539505907133486,0.036839718987020244,25,71.28,1782.0,25,Orders,25,0
2024-08-13,675,426,201,343,131,1101,725,376,0.011278293104989049,0.030023793764806322,20,75.61,1512.2,20,Orders,20,0
2024-08-14,678,296,223,369,86,974,650,324,0.010817508151261063,0.026716123937552735,15,72.73,1090.95,15,Orders,15,0
2024-08-15,709,125,223,336,150,834,564,270,0.012300805669309888,0.039239540522703474,14,80.28,1123.92,14,Orders,14,0
2024-08-16,688,178,180,387,121,866,572,294,0.015779094119317667,0.02754384974149345,16,76.69,1227.04,16,Orders,16,0
2024-08-17,683,72,189,329,165,755,499,256,0.01756069860575256,0.02795458969137296,14,76.82,1075.48,14,Orders,14,0
2024-08-18,664,276,181,326,157,940,635,305,0.021983998850905986,0.036475271032208566,25,70.38,1759.5,25,Orders,25,0
2024-08-19,734,247,249,368,117,981,655,326,0.021665826894992968,0.0275300935414449,23,66.45,1528.35,23,Orders,23,0
2024-08-20,683,124,196,381,106,807,522,285,0.012320812082748425,0.04850442924731411,14,71.22,997.08,14,Orders,14,0
2024-08-21,747,208,198,375,174,955,638,317,0.02183628119353101,0.04196099349726743,25,82.95,2073.75,25,Orders,25,0
2024-08-22,684,372,205,326,153,1056,696,360,0.01197812757924885,0.05071061066669133,27,74.42,2009.34,27,Orders,27,0
2024-08-23,659,719,186,333,140,1378,928,450,0.011356208782367611,0.050319176746910256,44,84.31,3709.64,44,Orders,44,0
2024-08-24,685,976,201,351,133,1661,1135,526,0.012054265524707633,0.051278507546530114,58,82.56,4788.48,58,Orders,58,0
2024-08-25,683,554,181,349,153,1237,809,428,0.018859058833086802,0.025907702478169616,27,81.7,2205.9,27,Orders,27,0
2024-08-26,684,329,189,402,93,1013,697,316,0.024034782292870586,0.03480038831917079,28,74.08,2074.24,28,Orders,28,0
2024-08-27,691,293,227,325,139,984,670,314,0.018272576557141047,0.03512040277558311,23,93.09,2141.07,23,Orders,23,0
2024-08-28,690,134,196,382,112,824,544,280,0.015598491955550353,0.025630818153596205,14,78.1,1093.4,14,Orders,14,0
2024-08-29,737,200,198,364,175,937,599,338,0.020276155352594537,0.04969170169814547,25,64.14,1603.5,25,Orders,25,0
2024-08-30,664,335,208,335,121,999,681,318,0.014581198890789867,0.06431720584748286,31,84.13,2608.03,31,Orders,31,0
2024-08-31,659,509,188,330,141,1168,798,370,0.022466720726958978,0.045080015243544685,38,70.9,2694.2,38,Orders,38,0
2024-09-01,660,391,198,327,135,1051,739,312,0.016670466188227925,0.04129019756152686,27,83.42,2252.34,27,Orders,27,0
2024-09-02,738,369,193,410,135,1107,746,361,0.02215791063030083,0.050507923187815836,35,63.45,2220.75,35,Orders,35,0
2024-09-03,688,340,182,391,115,1028,659,369,0.024664682842876585,0.04055351886889332,31,64.0,1984.0,31,Orders,31,0
2024-09-04,702,150,245,375,82,852,580,272,0.010049715823012116,0.029226468179044927,11,69.93,769.23,11,Orders,11,0
2024-09-05,744,120,211,360,173,864,575,289,0.010512709640730068,0.03287033747105022,12,70.94,851.28,12,Orders,12,0
2024-09-06,700,275,222,349,129,975,641,334,0.013284578124311146,0.04727467802213464,22,67.81,1491.82,22,Orders,22,0
2024-09-07,649,138,162,340,147,787,493,294,0.01797484352034088,0.04545448926012519,18,70.2,1263.6,18,Orders,18,0
2024-09-08,711,273,215,346,150,984,644,340,0.020621229846985122,0.049636969158241645,28,82.04,2297.12,28,Orders,28,0
2024-09-09,734,298,192,381,161,1032,667,365,0.022978027702623995,0.032938220445738735,27,80.12,2163.24,27,Orders,27,0
2024-09-10,772,149,244,378,150,921,557,364,0.012742705029382882,0.04491510568785042,17,70.91,1205.47,17,Orders,17,0
2024-09-11,750,153,239,399,112,903,546,357,0.01820568624696474,0.048411677253434975,21,76.73,1611.33,21,Orders,21,0
2024-09-12,702,140,213,330,159,842,531,311,0.01679225171917962,0.04360729549758771,18,72.55,1305.9,18,Orders,18,0
2024-09-13,703,70,222,366,115,773,485,288,0.01629264433825381,0.0294571570936263,14,82.21,1150.94,14,Orders,14,0
2024-09-14,703,253,190,362,151,956,653,303,0.01080188890974918,0.04106199034031326,18,78.55,1413.9,18,Orders,18,0
2024-09-15,684,321,189,380,115,1005,667,338,0.020773880104450804,0.047518730169065757,29,85.18,2470.22,29,Orders,29,0
2024-09-16,749,553,252,355,142,1302,871,431,0.02060750622271348,0.043789735848741754,40,80.84,3233.6,40,Orders,40,0
2024-09-17,691,373,213,352,126,1064,744,320,0.017264522080415325,0.025743598341270248,22,57.62,1267.64,22,Orders,22,0
2024-09-18,686,161,167,383,136,847,536,311,0.017910834839535157,0.027790696980327788,17,71.01,1207.17,17,Orders,17,0
2024-09-19,656,192,204,312,140,848,543,305,0.011164471805386317,0.042077188889544544,15,70.69,1060.35,15,Orders,15,0
2024-09-20,643,248,162,343,138,891,575,316,0.02419582423918969,0.029629239361505844,23,77.95,1792.85,23,Orders,23,0
2024-09-21,690,479,185,370,135,1169,743,426,0.02136735320121001,0.06151293826337202,44,69.5,3058.0,44,Orders,44,0
2024-09-22,721,220,235,334,152,941,608,333,0.021403356294743405,0.04462322770924569,25,66.77,1669.25,25,Orders,25,0
2024-09-23,668,199,228,311,129,867,556,311,0.01835185404375962,0.047870708342452654,22,66.86,1470.92,22,Orders,22,0
2024-09-24,685,227,179,366,140,912,575,337,0.017847063935481335,0.030459960063936694,19,80.36,1526.84,19,Orders,19,0
2024-09-25,657,267,165,352,140,924,613,311,0.011444284859076911,0.05251151597396771,22,76.93,1692.46,22,Orders,22,0
2024-09-26,666,269,213,285,168,935,606,329,0.012605670652948849,0.02546515902795514,15,73.05,1095.75,15,Orders,15,0
2024-09-27,675,231,213,321,141,906,621,285,0.020571496533035694,0.02883936137385228,21,75.73,1590.33,21,Orders,21,0
2024-09-28,741,96,263,346,132,837,549,288,0.01965099890002392,0.04895036037664942,19,89.13,1693.47,19,Orders,19,0
2024-09-29,789,181,202,432,155,970,635,335,0.012804770276231774,0.03878543261971834,17,82.81,1407.77,17,Orders,17,0
2024-09-30,753,211,188,381,184,964,666,298,0.014556590455205388,0.04473198412932912,20,77.41,1548.2,20,Orders,20,0
2024-10-01,721,352,210,390,121,1073,683,390,0.011805231126185247,0.033211609470720056,20,66.27,1325.4,20,Orders,20,0
2024-10-02,692,422,215,352,125,1114,741,373,0.023244934294641657,0.033863296171222135,30,72.13,2163.9,30,Orders,30,0
2024-10-03,756,492,203,409,144,1248,817,431,0.023129420566021217,0.0594667595676794,47,71.43,3357.21,47,Orders,47,0
2024-10-04,683,215,216,363,104,898,579,319,0.021022113532837994,0.047397049337591916,25,77.1,1927.5,25,Orders,25,0
2024-10-05,669,398,211,320,138,1067,778,289,0.020880300246106768,0.06110405396413785,38,78.23,2972.74,38,Orders,38,0
2024-10-06,764,273,202,362,200,1037,654,383,0.017492710371918158,0.032575123875428456,22,82.58,1816.76,22,Orders,22,0
2024-10-07,674,206,196,367,111,880,570,310,0.021153439748075327,0.039043331765450995,22,86.39,1900.58,22,Orders,22,0
2024-10-08,763,282,188,429,146,1045,627,418,0.01249079336979696,0.03587970884494893,20,76.67,1533.4,20,Orders,20,0
2024-10-09,725,634,205,388,132,1359,907,452,0.018102788103489184,0.045415969722278196,42,60.38,2535.96,42,Orders,42,0
2024-10-10,762,447,228,365,169,1209,834,375,0.018212119737540656,0.03472844048493175,29,79.95,2318.55,29,Orders,29,0
2024-10-11,670,196,181,328,161,866,595,271,0.022995064933132154,0.03489131867316655,22,83.18,1829.96,22,Orders,22,0
2024-10-12,753,174,211,363,179,927,600,327,0.023610523370181782,0.03442171045743563,24,75.34,1808.16,24,Orders,24,0
2024-10-13,753,345,254,354,145,1098,715,383,0.016267146575839574,0.04265376713431836,27,75.61,2041.47,27,Orders,27,0
2024-10-14,762,439,235,373,154,1201,799,402,0.024830922676013077,0.033536027375519376,34,87.16,2963.44,34,Orders,34,0
2024-10-15,689,459,204,326,159,1148,747,401,0.02207494361368831,0.03974300984267325,33,77.97,2573.01,33,Orders,33,0
2024-10-16,727,290,212,349,166,1017,619,398,0.018724501087827545,0.02303431056705536,20,70.76,1415.2,20,Orders,20,0
2024-10-17,686,197,202,354,130,883,548,335,0.018167808867794098,0.03650293683751783,20,76.94,1538.8,20,Orders,20,0
2024-10-18,808,67,264,384,160,875,527,348,0.020146628946152188,0.03462602374906746,19,76.25,1448.75,19,Orders,19,0
2024-10-19,756,22,246,343,167,778,475,303,0.021113386172486558,0.03815290285424538,17,79.93,1358.81,17,Orders,17,0
2024-10-20,760,290,277,361,122,1050,666,384,0.021190588293390263,0.04572295225862976,29,62.18,1803.22,29,Orders,29,0
2024-10-21,815,326,304,408,103,1141,786,355,0.016391145704705637,0.04362324322578681,28,76.89,2152.92,28,Orders,28,0
2024-10-22,769,272,231,369,169,1041,648,393,0.015383136449985152,0.025484172826370163,19,84.29,1601.51,19,Orders,19,0
2024-10-23,804,100,262,352,190,904,555,349,0.0229825766105274,0.028078299918158925,21,67.93,1426.53,21,Orders,21,0
2024-10-24,795,254,236,375,184,1049,626,423,0.011523774003776013,0.04642930045024602,21,84.95,1783.95,21,Orders,21,0
2024-10-25,852,272,210,438,204,1124,773,351,0.011728432435213603,0.03839321341176748,20,82.67,1653.4,20,Orders,20,0
2024-10-26,742,411,217,364,161,1153,745,408,0.017115087922975485,0.05049178213163324,33,61.23,2020.59,33,Orders,33,0
2024-10-27,899,511,295,431,173,1410,924,486,0.01495922542474678,0.04450294276241601,36,86.89,3128.04,36,Orders,36,0
2024-10-28,871,345,258,372,241,1216,788,428,0.011329466304784397,0.04433929675743422,25,76.58,1914.5,25,Orders,25,0
2024-10-29,835,513,223,419,193,1348,861,487,0.012859565412576232,0.04602152924385094,34,62.1,2111.4,34,Orders,34,0
2024-10-30,949,301,299,456,194,1250,831,419,0.0230416881334673,0.05032681242984117,37,79.09,2926.33,37,Orders,37,0
2024-10-31,1011,522,311,582,118,1533,1059,474,0.02728178922397018,0.04384601107125099,50,75.28,3764.0,50,Orders,50,0
2024-11-01,891,214,283,451,157,1105,718,387,0.02145005955328021,0.05437968752418389,31,67.85,2103.35,31,Orders,31,0
2024-11-02,943,96,270,477,196,1039,612,427,0.020594193784843833,0.04076623590562798,23,79.51,1828.73,23,Orders,23,0
2024-11-03,958,0,288,545,125,958,546,412,0.015987690531384005,0.031046841494613047,15,76.21,1143.15,15,Orders,15,0
2024-11-04,1001,122,272,494,235,1123,735,388,0.019199795548804577,0.053342593280800016,26,76.76,1995.76,26,Orders,26,0
2024-11-05,909,404,248,534,127,1313,860,453,0.019872359992647217,0.0467667550223391,37,63.46,2348.02,37,Orders,37,0
2024-11-06,994,202,352,446,196,1196,664,532,0.026359574713680247,0.0332928644366858,33,76.98,2540.34,33,Orders,33,0
2024-11-07,970,141,265,472,233,1111,712,399,0.014211393287671337,0.04028302429345334,19,78.97,1500.43,19,Orders,19,0
2024-11-08,1036,161,299,489,248,1197,769,428,0.02713219585861941,0.040805459241168636,35,74.81,2618.35,35,Orders,35,0
2024-11-09,982,542,280,473,229,1524,999,525,0.026118453459931596,0.04145246817474646,48,59.53,2857.44,48,Orders,48,0
2024-11-10,1014,402,276,507,231,1416,897,519,0.012797557262638076,0.033971369597915094,27,81.96,2212.92,27,Orders,27,0
2024-11-11,1017,763,321,522,174,1780,1241,539,0.020751173407114125,0.0478880008219521,58,60.59,3514.22,58,Orders,58,0
2024-11-12,1025,636,286,585,154,1661,1094,567,0.01732820724098182,0.050091762352096135,50,75.73,3786.5,50,Orders,50,0
2024-11-13,1064,301,330,506,228,1365,850,515,0.027154067125229064,0.04276550390683359,42,63.44,2664.48,42,Orders,42,0
2024-11-14,1072,485,308,558,206,1557,995,562,0.013536373980755155,0.03470970200403437,31,85.84,2661.04,31,Orders,31,0
2024-11-15,997,204,336,525,136,1201,815,386,0.024209415041932275,0.04988886847512287,34,74.88,2545.92,34,Orders,34,0
2024-11-16,1040,402,306,488,246,1442,930,512,0.01744276020166555,0.04572924879758442,37,89.73,3320.01,37,Orders,37,0
2024-11-17,1065,364,288,534,243,1429,930,499,0.025811425828306672,0.03645132677739816,41,66.23,2715.43,41,Orders,41,0
2024-11-18,1117,646,364,546,207,1763,1142,621,0.013342028312277309,0.04173345833589205,42,80.83,3394.86,42,Orders,42,0
2024-11-19,1155,442,299,593,263,1597,1174,423,0.025467583200421588,0.04164390424607055,48,67.63,3246.24,48,Orders,48,0
2024-11-20,1069,327,316,548,205,1396,853,543,0.02303485490654598,0.03451053273887326,36,83.83,3017.88,36,Orders,36,0
2024-11-21,1107,294,296,565,246,1401,854,547,0.02209458017819377,0.06261835607290343,43,83.46,3588.78,43,Orders,43,0
2024-11-22,1167,177,281,649,237,1344,893,451,0.02428224670401263,0.02777637249497709,33,67.8,2237.4,33,Orders,33,0
2024-11-23,1133,298,413,565,155,1431,890,541,0.02319200823203497,0.03816232846136521,38,86.18,3274.84,38,Orders,38,0
2024-11-24,1078,126,327,485,266,1204,795,409,0.012149056465044591,0.043721945668135476,19,67.6,1284.4,19,Orders,19,0
2024-11-25,1082,162,313,547,222,1244,832,412,0.0166508436288671,0.046643234682434656,26,71.54,1860.04,26,Orders,26,0
2024-11-26,1046,172,265,504,277,1218,727,491,0.020031704496469252,0.037290823976027086,27,70.65,1907.55,27,Orders,27,0
2024-11-27,1197,355,249,674,274,1552,939,613,0.013606854525225266,0.03798130551705602,30,74.64,2239.2,30,Orders,30,0
2024-11-28,1130,687,328,564,238,1817,1206,611,0.02502621154073673,0.04905901943669711,62,52.94,3282.28,62,Orders,62,0
2024-11-29,2545,329,937,1279,329,2874,1662,1212,0.024499756447444364,0.047331818145650933,78,72.63,5665.14,78,Orders,78,0
2024-11-30,2562,379,723,1220,619,2941,1855,1086,0.020410206764369953,0.03380251942914924,65,58.58,3807.7,65,Orders,65,0
2024-12-01,2765,458,862,1427,476,3223,1884,1339,0.027037152132861456,0.04125107022924665,94,71.84,6752.96,94,Orders,94,0
2024-12-02,2723,385,749,1266,708,3108,1876,1232,0.023002782821292794,0.0324706217514381,75,59.5,4462.5,75,Orders,75,0
2024-12-03,1168,405,359,623,186,1573,949,624,0.023193733523131026,0.03948556285862436,43,79.24,3407.32,43,Orders,43,0
2024-12-04,1167,341,347,649,171,1508,915,593,0.028494068980950076,0.028360493803130875,43,70.46,3029.78,43,Orders,43,0
2024-12-05,1085,151,321,506,258,1236,769,467,0.017966765503259825,0.04845966390300618,27,74.29,2005.83,27,Orders,27,0
2024-12-06,1084,371,355,481,248,1455,946,509,0.026214465043011254,0.05310054886033029,48,83.3,3998.4,48,Orders,48,0
2024-12-07,1137,919,411,531,195,2056,1379,677,0.030187384416076737,0.03895020782370624,70,84.52,5916.4,70,Orders,70,0
2024-12-08,1093,685,307,622,164,1778,1156,622,0.01741541535951791,0.05574745880641946,57,71.79,4092.03,57,Orders,57,0
2024-12-09,1134,492,391,564,179,1626,991,635,0.013782305559448673,0.02449719378945948,28,77.51,2170.28,28,Orders,28,0
2024-12-10,1101,379,329,541,231,1480,959,521,0.019696230736347957,0.029037438372019057,33,73.32,2419.56,33,Orders,33,0
2024-12-11,1110,735,394,530,186,1845,1238,607,0.030067156199333187,0.06375010456497575,80,71.82,5745.6,80,Orders,80,0
2024-12-12,1177,650,327,635,215,1827,1217,610,0.015614511723147383,0.0389835476820513,44,81.88,3602.72,44,Orders,44,0
2024-12-13,1084,515,315,572,197,1599,981,618,0.02312548367446813,0.027297003788728656,39,77.25,3012.75,39,Orders,39,0
2024-12-14,1091,455,364,504,223,1546,1056,490,0.02298269648935947,0.0573314879287234,51,78.0,3978.0,51,Orders,51,0
2024-12-15,1213,189,297,612,304,1402,873,529,0.0218845745793087,0.0403957487937265,34,83.46,2837.64,34,Orders,34,0
2024-12-16,1048,285,391,486,171,1333,811,522,0.016228132747932555,0.04181414707037941,29,72.71,2108.59,29,Orders,29,0
2024-12-17,1137,658,388,554,195,1795,1178,617,0.029572994004926065,0.04169514468386973,61,78.87,4811.07,61,Orders,61,0
2024-12-18,1115,617,310,593,212,1732,1151,581,0.024828790281806526,0.044569476696278705,55,75.63,4159.65,55,Orders,55,0
2024-12-19,1083,281,341,555,187,1364,837,527,0.012572816008066435,0.05833810665839026,30,80.42,2412.6,30,Orders,30,0
2024-12-20,1188,72,409,522,257,1260,709,551,0.026795166430292904,0.031520593258693,34,76.22,2591.48,34,Orders,34,0
2024-12-21,1051,461,368,460,223,1512,978,534,0.02402662313007158,0.036541975324990275,42,69.97,2938.74,42,Orders,42,0
2024-12-22,958,468,347,499,112,1426,905,521,0.02068445167892664,0.03390515033413104,36,72.33,2603.88,36,Orders,36,0
2024-12-23,1119,234,338,552,229,1353,834,519,0.013333893635444665,0.03609565313333027,23,87.18,2005.14,23,Orders,23,0
2024-12-24,1149,59,351,639,159,1208,626,582,0.014624322062248892,0.04911699975856404,20,77.69,1553.8,20,Orders,20,0
2024-12-25,947,436,226,517,204,1383,896,487,0.012459387602659525,0.03145410367695512,26,65.93,1714.18,26,Orders,26,0
2024-12-26,1028,654,367,489,172,1682,1114,568,0.015421358842398349,0.04945064147944006,48,79.7,3825.6,48,Orders,48,0
2024-12-27,997,651,295,531,171,1648,1112,536,0.01903463232953995,0.05955695760569178,58,75.3,4367.4,58,Orders,58,0
2024-12-28,986,761,274,540,172,1747,1215,532,0.02149025671412006,0.03812920881707086,50,72.29,3614.5,50,Orders,50,0
2024-12-29,995,326,298,522,175,1321,844,477,0.020328591308436384,0.05409310527968829,38,77.91,2960.58,38,Orders,38,0
2024-12-30,951,122,238,448,265,1073,611,462,0.02195559475159816,0.04330697033609765,26,80.15,2083.9,26,Orders,26,0
2024-12-31,937,492,271,440,226,1429,916,513,0.02240587856668481,0.04028709944542892,41,79.26,3249.66,41,Orders,41,0
2025-01-01,824,783,221,389,214,1607,1044,563,0.026142864325014534,0.05357295704635714,63,79.96,5037.48,63,Orders,63,0
2025-01-02,822,451,238,405,179,1273,842,431,0.01716275494235445,0.03439970184160688,30,72.04,2161.2,30,Orders,30,0
2025-01-03,895,389,271,426,198,1284,855,429,0.012082029860284673,0.036365075565869716,25,68.02,1700.5,25,Orders,25,0
2025-01-04,853,260,242,450,161,1113,674,439,0.010886326348539631,0.05415101047695743,23,72.29,1662.67,23,Orders,23,0
2025-01-05,846,123,278,405,163,969,590,379,0.022393765475540537,0.043998724247275654,24,76.64,1839.36,24,Orders,24,0
2025-01-06,844,234,240,406,198,1078,672,406,0.013578213540350687,0.040222246917316094,21,73.34,1540.14,21,Orders,21,0
2025-01-07,733,565,192,445,96,1298,859,439,0.025063493595839596,0.032805341501337154,37,75.89,2807.93,37,Orders,37,0
2025-01-08,716,283,184,388,144,999,615,384,0.021665569570924456,0.03254018105779274,25,85.69,2142.25,25,Orders,25,0
2025-01-09,737,311,240,377,120,1048,653,395,0.018509824477267834,0.030364070588133864,23,70.76,1627.48,23,Orders,23,0
2025-01-10,782,97,258,386,138,879,518,361,0.02513216292497645,0.04608766879712776,24,80.65,1935.6,24,Orders,24,0
2025-01-11,754,171,294,339,121,925,586,339,0.022641728651051837,0.039726176028935176,24,65.04,1560.96,24,Orders,24,0
2025-01-12,697,265,195,359,143,962,599,363,0.02242503469800694,0.03197484403101846,24,69.43,1666.32,24,Orders,24,0
2025-01-13,725,132,235,309,181,857,539,318,0.01791993120576378,0.043052383799172644,19,65.4,1242.6,19,Orders,19,0
2025-01-14,731,157,229,370,132,888,539,349,0.01956510219195456,0.04009349335262087,21,78.79,1654.59,21,Orders,21,0
2025-01-15,719,53,214,375,130,772,465,307,0.023627708402181844,0.04510177864551018,19,76.46,1452.74,19,Orders,19,0
2025-01-16,728,229,235,352,141,957,631,326,0.015454319387969475,0.04961153242588173,23,78.58,1807.34,23,Orders,23,0
2025-01-17,779,392,270,343,166,1171,733,438,0.015383946110551763,0.05623343758316455,34,72.95,2480.3,34,Orders,34,0
2025-01-18,730,435,251,373,106,1165,709,456,0.01822514954040998,0.023903992191232147,24,87.68,2104.32,24,Orders,24,0
2025-01-19,738,291,214,351,173,1029,647,382,0.02034534793529958,0.024444663107299695,22,76.92,1692.24,22,Orders,22,0
2025-01-20,710,638,183,354,173,1348,912,436,0.020869434783456625,0.0393273034550886,40,60.3,2412.0,40,Orders,40,0
2025-01-21,797,349,214,408,175,1146,744,402,0.010617082672896311,0.03634516442938348,21,85.4,1793.4,21,Orders,21,0
2025-01-22,751,304,151,457,143,1055,652,403,0.01903935362061874,0.03027227981773405,24,82.42,1978.08,24,Orders,24,0
2025-01-23,729,86,204,333,192,815,503,312,0.017089521432431073,0.03138659968867564,15,89.34,1340.1,15,Orders,15,0
2025-01-24,737,163,218,356,163,900,579,321,0.013179221168763374,0.03193615478458126,15,80.56,1208.4,15,Orders,15,0
2025-01-25,768,253,221,373,174,1021,631,390,0.024455283524376904,0.029337509792341752,26,93.13,2421.38,26,Orders,26,0
2025-01-26,706,127,194,365,147,833,494,339,0.024449972124701787,0.04790612531288634,23,94.47,2172.81,23,Orders,23,0
2025-01-27,777,493,224,417,136,1270,814,456,0.021128599162640153,0.03310014348817257,33,85.58,2824.14,33,Orders,33,0
2025-01-28,687,223,200,312,175,910,546,364,0.019753361783170637,0.03275238316221471,21,80.22,1684.62,21,Orders,21,0
2025-01-29,686,236,237,297,152,922,590,332,0.018782947669966348,0.033944688573280875,21,71.94,1510.74,21,Orders,21,0
2025-01-30,705,392,238,349,118,1097,689,408,0.018218257849906445,0.06496696781676463,38,94.07,3574.66,38,Orders,38,0
2025-01-31,677,346,191,306,180,1023,650,373,0.02170575573584526,0.04564324532513085,30,70.38,2111.4,30,Orders,30,0
2025-02-01,751,157,223,387,141,908,542,366,0.0198874013674747,0.03409220087155333,20,75.99,1519.8,20,Orders,20,0
2025-02-02,727,166,258,333,136,893,505,388,0.011036345144680758,0.043965171149528144,15,82.43,1236.45,15,Orders,15,0
2025-02-03,747,235,229,361,157,982,621,361,0.020543206353181003,0.023740558916408132,21,73.41,1541.61,21,Orders,21,0
2025-02-04,788,117,247,425,116,905,550,355,0.020739464543831326,0.04345988102955702,21,83.7,1757.7,21,Orders,21,0
2025-02-05,699,156,249,331,119,855,533,322,0.015357093655576132,0.01927029266790804,14,63.32,886.48,14,Orders,14,0
2025-02-06,765,57,237,347,181,822,449,373,0.02338827196303351,0.0431327298139519,20,85.07,1701.4,20,Orders,20,0
2025-02-07,721,207,245,380,96,928,561,367,0.02428931649158442,0.03319862441467685,24,80.35,1928.4,24,Orders,24,0
2025-02-08,769,504,193,481,95,1273,811,462,0.02464161508516118,0.0434432520881026,41,61.95,2539.95,41,Orders,41,0
2025-02-09,777,415,233,383,161,1192,775,417,0.023790346646906615,0.03748041950810316,34,80.6,2740.4,34,Orders,34,0
2025-02-10,729,373,202,399,128,1102,689,413,0.014112835008763662,0.03414316724145428,23,70.75,1627.25,23,Orders,23,0
2025-02-11,765,319,224,352,189,1084,666,418,0.019500443374343618,0.047951724999623815,30,76.59,2297.7,30,Orders,30,0
2025-02-12,729,139,210,339,180,868,501,367,0.022899946293236006,0.042644466598621325,23,67.72,1557.56,23,Orders,23,0
2025-02-13,795,46,227,446,122,841,493,348,0.012785584023481615,0.045798431588297286,12,78.47,941.64,12,Orders,12,0
2025-02-14,712,90,231,387,94,802,461,341,0.021913495729930354,0.03813934836167119,19,87.84,1668.96,19,Orders,19,0
2025-02-15,747,361,264,355,128,1108,710,398,0.019789108329526652,0.038194454845093345,29,84.28,2444.12,29,Orders,29,0
2025-02-16,685,316,202,329,154,1001,603,398,0.01066694916432406,0.0419630224201173,21,74.14,1556.94,21,Orders,21,0
2025-02-17,712,200,203,360,149,912,584,328,0.0110404562934858,0.030777038241915335,14,78.02,1092.28,14,Orders,14,0
2025-02-18,759,327,231,379,149,1086,668,418,0.016771595754852646,0.04220626284217787,27,67.43,1820.61,27,Orders,27,0
2025-02-19,765,453,269,379,117,1218,816,402,0.022382396018897112,0.04126723548879847,36,70.16,2525.76,36,Orders,36,0
2025-02-20,762,501,202,366,194,1263,875,388,0.016832186977545363,0.05110845107234571,38,74.12,2816.56,38,Orders,38,0
2025-02-21,847,217,233,404,210,1064,679,385,0.015302897537337667,0.03642702638406705,21,70.93,1489.53,21,Orders,21,0
2025-02-22,776,184,210,394,172,960,528,432,0.01900769268676008,0.033410943555043406,21,71.61,1503.81,21,Orders,21,0
2025-02-23,705,57,216,382,107,762,389,373,0.014481747773418888,0.043484973757915296,13,67.93,883.09,13,Orders,13,0
2025-02-24,751,413,212,408,131,1164,723,441,0.02472120951729402,0.032658178458538085,32,65.67,2101.44,32,Orders,32,0
2025-02-25,780,316,225,415,140,1096,687,409,0.015821619577606152,0.043150390948889866,26,69.79,1814.54,26,Orders,26,0
2025-02-26,723,231,224,333,166,954,621,333,0.01939813015290171,0.027575966037419793,20,87.44,1748.8,20,Orders,20,0
2025-02-27,709,312,188,360,161,1021,623,398,0.02190526056045143,0.037879122308575375,27,71.89,1941.03,27,Orders,27,0
2025-02-28,808,302,223,417,168,1110,685,425,0.022879866908249547,0.022887711687472754,25,74.54,1863.5,25,Orders,25,0
2025-03-01,765,142,232,366,167,907,532,375,0.012562298072629648,0.04899373463018353,17,75.07,1276.19,17,Orders,17,0
2025-03-02,688,330,213,342,133,1018,632,386,0.022410657944358012,0.04461160315419854,30,69.35,2080.5,30,Orders,30,0
2025-03-03,756,298,276,350,130,1054,658,396,0.022981837166139843,0.04422992367669194,31,69.74,2161.94,31,Orders,31,0
2025-03-04,778,480,244,359,175,1258,736,522,0.02121557461899151,0.041050384454531144,36,81.41,2930.76,36,Orders,36,0
2025-03-05,783,336,205,445,133,1119,724,395,0.017970969085904447,0.041742415296240204,28,66.1,1850.8,28,Orders,28,0
2025-03-06,783,149,265,379,139,932,531,401,0.018129146552677673,0.03829810522086768,20,71.84,1436.8,20,Orders,20,0
2025-03-07,784,33,239,401,144,817,457,360,0.022813786306747002,0.035282162580696566,19,82.46,1566.74,19,Orders,19,0
2025-03-08,752,357,218,392,142,1109,674,435,0.023388502847332893,0.04151908710923409,32,69.93,2237.76,32,Orders,32,0
2025-03-09,764,751,208,413,143,1515,973,542,0.014144775373627563,0.03859570597378264,40,76.25,3050.0,40,Orders,40,0
2025-03-10,793,690,252,402,139,1483,980,503,0.014138342269619558,0.05221958192483799,47,82.01,3854.47,47,Orders,47,0
2025-03-11,769,300,241,385,143,1069,683,386,0.020613661283260473,0.033561818287271256,26,83.7,2176.2,26,Orders,26,0
2025-03-12,825,194,265,427,133,1019,590,429,0.024231945495964056,0.026573782519848037,25,69.88,1747.0,25,Orders,25,0
2025-03-13,748,622,215,379,154,1370,898,472,0.021047609538990725,0.03355487194510474,37,65.59,2426.83,37,Orders,37,0
2025-03-14,789,311,220,422,147,1100,676,424,0.016058433283048176,0.045553728647471446,27,63.5,1714.5,27,Orders,27,0
2025-03-15,804,334,244,407,153,1138,698,440,0.011908837836147535,0.05101356506118418,27,69.08,1865.16,27,Orders,27,0
2025-03-16,802,465,258,401,143,1267,822,445,0.01846134611368846,0.061524251733538364,43,70.03,3011.29,43,Orders,43,0
2025-03-17,798,343,225,429,144,1141,715,426,0.015307340297388084,0.03997922086622822,26,78.4,2038.4,26,Orders,26,0
2025-03-18,777,387,252,366,159,1164,738,426,0.016780859888729967,0.056992923152109236,35,71.79,2512.65,35,Orders,35,0
2025-03-19,773,148,268,402,103,921,500,421,0.017029220853358465,0.045474850599923095,20,81.37,1627.4,20,Orders,20,0
2025-03-20,739,367,180,366,193,1106,661,445,0.01334870237441607,0.03702433928197612,23,73.06,1680.38,23,Orders,23,0
2025-03-21,775,556,241,393,141,1331,896,435,0.014678133847788146,0.031745086939128225,29,74.84,2170.36,29,Orders,29,0
2025-03-22,815,463,232,412,171,1278,766,512,0.017116241533123848,0.053043993024191244,39,80.71,3147.69,39,Orders,39,0
2025-03-23,860,193,267,428,165,1053,669,384,0.019670491701941895,0.04891971086664492,26,76.99,2001.74,26,Orders,26,0
2025-03-24,756,176,198,385,173,932,585,347,0.01501101968498086,0.020898798793724315,15,71.74,1076.1,15,Orders,15,0
2025-03-25,741,65,233,352,156,806,442,364,0.020880603517739054,0.04934157530679351,19,85.38,1622.22,19,Orders,19,0
2025-03-26,893,244,313,497,83,1137,698,439,0.018384801603313114,0.03270971466446105,24,77.97,1871.28,24,Orders,24,0
2025-03-27,754,106,228,400,126,860,493,367,0.018604514490797624,0.030681128571160336,17,63.77,1084.09,17,Orders,17,0
2025-03-28,864,238,277,408,179,1102,651,451,0.022889697389658837,0.0397994308270611,29,88.71,2572.59,29,Orders,29,0
2025-03-29,844,621,263,411,170,1465,964,501,0.025659055709266923,0.04796675360419225,51,82.95,4230.45,51,Orders,51,0
2025-03-30,847,310,232,486,129,1157,679,478,0.013572762536683602,0.03793640315440176,23,80.82,1858.86,23,Orders,23,0
2025-03-31,794,132,290,344,160,926,541,385,0.010415916747721547,0.03720166527396468,13,68.97,896.61,13,Orders,13,0
2025-04-01,816,187,268,381,167,1003,624,379,0.024163651754429773,0.03375882146272693,26,98.47,2560.22,26,Orders,26,0
2025-04-02,826,274,281,410,135,1100,633,467,0.013283796260365303,0.03837258333223767,21,76.49,1606.29,21,Orders,21,0
2025-04-03,775,137,262,361,152,912,522,390,0.014699092315923501,0.047659712704810855,18,72.98,1313.64,18,Orders,18,0
2025-04-04,871,398,290,416,165,1269,739,530,0.018859776637097665,0.030322977223330775,28,84.73,2372.44,28,Orders,28,0
2025-04-05,733,299,233,376,124,1032,606,426,0.017211738411831868,0.04007380632581834,25,74.7,1867.5,25,Orders,25,0
2025-04-06,797,364,201,431,165,1161,692,469,0.011222251283967415,0.044634737612096825,25,80.62,2015.5,25,Orders,25,0
2025-04-07,777,138,233,369,175,915,548,367,0.01871125010432355,0.028948148668339026,19,80.51,1529.69,19,Orders,19,0
2025-04-08,813,285,266,425,122,1098,641,457,0.01888888498164537,0.05319518616574983,31,84.6,2622.6,31,Orders,31,0
2025-04-09,852,212,280,421,151,1064,632,432,0.01946853361157233,0.02007750993564637,21,67.43,1416.03,21,Orders,21,0
2025-04-10,790,348,234,408,148,1138,703,435,0.011938976174146382,0.04200742007480225,24,91.03,2184.72,24,Orders,24,0
2025-04-11,846,403,258,447,141,1249,759,490,0.02134685001182469,0.05014499817928714,38,76.2,2895.6,38,Orders,38,0
2025-04-12,762,470,212,389,161,1232,784,448,0.018339520788046175,0.026657286262701668,27,86.76,2342.52,27,Orders,27,0
2025-04-13,896,205,287,458,151,1101,593,508,0.022244080127880546,0.033554813799065275,27,84.57,2283.39,27,Orders,27,0
2025-04-14,817,319,231,419,167,1136,669,467,0.013819600311653244,0.03172152066524701,21,81.58,1713.18,21,Orders,21,0
2025-04-15,875,270,260,469,146,1145,707,438,0.021055452500563863,0.03597160587406757,28,83.74,2344.72,28,Orders,28,0
2025-04-16,839,305,244,410,185,1144,685,459,0.024526808693165453,0.032444435523346304,30,95.44,2863.2,30,Orders,30,0
2025-04-17,839,216,266,457,116,1055,601,454,0.02350575571639196,0.02771330261546441,26,84.94,2208.44,26,Orders,26,0
2025-04-18,862,752,280,400,182,1614,1022,592,0.017963673447474005,0.033859652073270255,41,70.02,2870.82,41,Orders,41,0
2025-04-19,853,723,229,438,186,1576,1034,542,0.021650901456589048,0.040729526228393494,48,69.86,3353.28,48,Orders,48,0
2025-04-20,886,543,202,462,222,1429,967,462,0.013469717498997448,0.02482477788311579,25,85.48,2137.0,25,Orders,25,0
2025-04-21,939,430,301,433,205,1369,865,504,0.02006827209250422,0.033482464691323294,33,76.39,2520.87,33,Orders,33,0
2025-04-22,805,169,215,433,157,974,563,411,0.022878832145901928,0.04841813314948622,27,70.38,1900.26,27,Orders,27,0
2025-04-23,800,204,255,423,122,1004,588,416,0.024463055141630278,0.045083301906970547,29,80.68,2339.72,29,Orders,29,0
2025-04-24,921,388,289,450,182,1309,815,494,0.023153719845801893,0.04233626875814317,38,77.92,2960.96,38,Orders,38,0
2025-04-25,808,500,212,443,153,1308,819,489,0.013998798718603798,0.0370089963810983,30,64.74,1942.2,30,Orders,30,0
2025-04-26,962,571,280,516,166,1533,961,572,0.025556616814674922,0.044998251567754485,50,80.25,4012.5,50,Orders,50,0
2025-04-27,949,246,257,489,203,1195,668,527,0.025651377872452787,0.03419763554267284,33,68.61,2264.13,33,Orders,33,0
2025-04-28,962,256,296,527,139,1218,699,519,0.0108945150450784,0.03258123416660183,19,76.97,1462.43,19,Orders,19,0
2025-04-29,967,86,334,472,161,1053,552,501,0.017877148220675203,0.04831084672418146,21,88.39,1856.19,21,Orders,21,0
2025-04-30,914,375,302,423,189,1289,836,453,0.019388988095252743,0.0542390570761858,38,73.21,2781.98,38,Orders,38,0
2025-05-01,939,166,257,479,203,1105,622,483,0.019776020538244125,0.04205473372186988,26,70.69,1837.94,26,Orders,26,0
2025-05-02,924,287,242,478,204,1211,812,399,0.02674431184405793,0.03318541760206591,34,72.85,2476.9,34,Orders,34,0
2025-05-03,1001,205,342,486,173,1206,708,498,0.01826297330073119,0.027287719704700255,24,82.84,1988.16,24,Orders,24,0
2025-05-04,1087,270,347,524,216,1357,781,576,0.02504790267599078,0.04685241626386371,40,105.69,4227.6,40,Orders,40,0
2025-05-05,982,374,284,525,173,1356,846,510,0.014821975483739168,0.05266716917636074,34,76.11,2587.74,34,Orders,34,0
2025-05-06,953,174,277,460,216,1127,608,519,0.026958794876455243,0.04576444816744547,34,70.2,2386.8,34,Orders,34,0
2025-05-07,991,184,243,551,197,1175,628,547,0.023635124333617308,0.04025155028747326,31,75.72,2347.32,31,Orders,31,0
2025-05-08,873,275,250,489,134,1148,675,473,0.011478873923773263,0.044901097760097916,22,94.01,2068.22,22,Orders,22,0
2025-05-09,980,254,296,459,225,1234,692,542,0.026798456171962845,0.03626322219860448,35,86.27,3019.45,35,Orders,35,0
2025-05-10,1042,258,318,533,191,1300,711,589,0.026726225852499202,0.050534268772271386,41,67.12,2751.92,41,Orders,41,0
2025-05-11,1000,325,299,530,171,1325,858,467,0.02146831813024184,0.0470081194842439,37,83.49,3089.13,37,Orders,37,0
2025-05-12,1013,200,335,519,159,1213,697,516,0.027541765164948766,0.03082625781679863,34,84.24,2864.16,34,Orders,34,0
2025-05-13,1048,215,315,552,181,1263,728,535,0.02021794523033857,0.040129744703162495,30,70.18,2105.4,30,Orders,30,0
2025-05-14,1042,79,305,446,291,1121,510,611,0.012914332160000564,0.050640082565531264,17,69.58,1182.86,17,Orders,17,0
2025-05-15,1026,191,287,491,248,1217,730,487,0.013283329854410513,0.03589216781929213,20,95.74,1914.8,20,Orders,20,0
2025-05-16,1002,606,308,571,123,1608,976,632,0.01225298142374088,0.029722566141082846,30,85.59,2567.7,30,Orders,30,0
2025-05-17,1063,303,366,546,151,1366,709,657,0.027560294724335944,0.047928815372656204,44,86.98,3827.12,44,Orders,44,0
2025-05-18,965,467,308,482,175,1432,852,580,0.021662435554149824,0.04972426707872779,44,83.92,3692.48,44,Orders,44,0
2025-05-19,992,410,358,438,196,1402,823,579,0.02541416128680188,0.03382149693610814,39,82.17,3204.63,39,Orders,39,0
2025-05-20,1037,372,344,505,188,1409,708,701,0.024952426319101956,0.022461234151560823,34,71.46,2429.64,34,Orders,34,0
2025-05-21,1036,508,315,547,174,1544,916,628,0.016177334981316575,0.03854818519881293,36,63.55,2287.8,36,Orders,36,0
2025-05-22,1062,359,386,516,160,1421,812,609,0.015568364989191022,0.030243694337544782,27,71.52,1931.04,27,Orders,27,0
2025-05-23,943,158,275,466,202,1101,599,502,0.015456408286741356,0.04682643899202937,22,81.64,1796.08,22,Orders,22,0
2025-05-24,957,186,286,459,212,1143,722,421,0.014144866661213798,0.04793745052428077,22,71.38,1570.36,22,Orders,22,0
2025-05-25,1018,237,362,503,153,1255,744,511,0.019732018899570644,0.02917291132187352,27,80.65,2177.55,27,Orders,27,0
2025-05-26,938,465,300,450,188,1403,888,515,0.021694770964961464,0.02969305009531049,34,86.46,2939.64,34,Orders,34,0
2025-05-27,1046,213,339,526,181,1259,734,525,0.027737579608157092,0.03698449404618205,37,87.65,3243.05,37,Orders,37,0
2025-05-28,1032,257,307,490,235,1289,749,540,0.021594330055222884,0.050274646326425115,35,78.44,2745.4,35,Orders,35,0
2025-05-29,1042,284,319,560,163,1326,717,609,0.02228059546866914,0.027965370997162817,31,91.85,2847.35,31,Orders,31,0
2025-05-30,970,295,311,476,183,1265,698,567,0.016617308344036394,0.03073046864694165,25,88.7,2217.5,25,Orders,25,0
2025-05-31,1009,335,309,494,206,1344,742,602,0.025979755017449167,0.05070576793990433,43,77.9,3349.7,43,Orders,43,0
2025-06-01,986,289,289,468,229,1275,712,563,0.019451538882402895,0.044561161380335536,32,88.04,2817.28,32,Orders,32,0
2025-06-02,933,239,266,417,250,1172,670,502,0.020133404973182722,0.029905560726818995,26,75.23,1955.98,26,Orders,26,0
2025-06-03,970,423,344,450,176,1393,866,527,0.019457857003500896,0.03682975288996509,34,77.72,2642.48,34,Orders,34,0
2025-06-04,1048,193,286,566,196,1241,834,407,0.025158148322496743,0.039012709588609175,34,84.1,2859.4,34,Orders,34,0
2025-06-05,1001,82,299,468,234,1083,548,535,0.019633660073169395,0.05226378060550061,24,71.21,1709.04,24,Orders,24,0
2025-06-06,978,0,261,498,219,978,484,494,0.016554952449731673,0.04574311554993446,16,69.81,1116.96,16,Orders,16,0
2025-06-07,1001,226,331,489,181,1227,693,534,0.013134237432489895,0.04314725787177713,23,70.63,1624.49,23,Orders,23,0
2025-06-08,1077,684,247,612,218,1761,1088,673,0.014531117095477619,0.05421725230021669,53,77.39,4101.67,53,Orders,53,0
2025-06-09,992,707,286,563,143,1699,1056,643,0.02585392330443998,0.038793834925049384,53,73.85,3914.05,53,Orders,53,0
2025-06-10,1012,636,285,567,160,1648,1010,638,0.01705932626622656,0.03503141836278664,40,66.77,2670.8,40,Orders,40,0
2025-06-11,1034,516,316,546,172,1550,926,624,0.021664587406350112,0.05002110141642892,48,94.66,4543.68,48,Orders,48,0
2025-06-12,916,610,314,413,189,1526,937,589,0.017632148635438983,0.05322745843114951,49,75.27,3688.23,49,Orders,49,0
2025-06-13,973,266,256,520,197,1239,732,507,0.023708241230020393,0.048732635484733534,36,63.04,2269.44,36,Orders,36,0
2025-06-14,983,177,258,490,235,1160,691,469,0.022973993062365347,0.02995464080720776,28,71.14,1991.92,28,Orders,28,0
2025-06-15,1034,147,301,466,267,1181,671,510,0.02431529482430147,0.04333540229779444,32,76.5,2448.0,32,Orders,32,0
2025-06-16,995,650,301,479,215,1645,1043,602,0.01252599982733601,0.05507930235300602,48,52.51,2520.48,48,Orders,48,0
2025-06-17,1000,315,323,542,135,1315,755,560,0.02045361629166483,0.050952849476732384,37,85.07,3147.59,37,Orders,37,0
2025-06-18,943,144,281,448,214,1087,592,495,0.019499521442250284,0.03444539683492265,23,82.22,1891.06,23,Orders,23,0
2025-06-19,938,0,271,478,189,938,503,435,0.01525679673036852,0.045260443106958655,14,79.24,1109.36,14,Orders,14,0
2025-06-20,1059,273,371,498,190,1332,622,710,0.019479869220000834,0.04565783275671015,33,91.28,3012.24,33,Orders,33,0
2025-06-21,999,246,267,501,231,1245,715,530,0.01584092966093008,0.04655671632502043,27,79.09,2135.43,27,Orders,27,0
2025-06-22,1050,456,289,589,172,1506,910,596,0.020632733238400935,0.05124108807882705,45,67.47,3036.15,45,Orders,45,0
2025-06-23,935,194,293,457,185,1129,651,478,0.012104011755249259,0.03194719501683089,18,82.27,1480.86,18,Orders,18,0
2025-06-24,979,153,364,452,163,1132,591,541,0.01696943038852335,0.029183723818545265,21,84.73,1779.33,21,Orders,21,0
2025-06-25,1003,330,319,514,170,1333,750,583,0.024995812125737312,0.06582164919035877,47,77.1,3623.7,47,Orders,47,0
2025-06-26,941,489,302,465,174,1430,879,551,0.016545951086807387,0.041661569899092796,36,86.48,3113.28,36,Orders,36,0
2025-06-27,948,532,268,535,145,1480,937,543,0.0223369309173761,0.05904077794093448,53,97.44,5164.32,53,Orders,53,0
2025-06-28,871,595,211,434,226,1466,855,611,0.01265048142240329,0.03989656566895819,35,80.83,2829.05,35,Orders,35,0
2025-06-29,834,327,267,410,157,1161,712,449,0.020705922075382542,0.03423600665082464,28,85.69,2399.32,28,Orders,28,0
2025-06-30,873,126,276,439,158,999,583,416,0.025842370418920246,0.04111215475963063,28,97.53,2730.84,28,Orders,28,0
2025-07-01,836,356,267,450,119,1192,701,491,0.023224356623286906,0.04050710137107232,34,74.54,2534.36,34,Orders,34,0
2025-07-02,839,595,284,387,168,1434,886,548,0.013961101842065105,0.042427055639915494,37,81.46,3014.02,37,Orders,37,0
2025-07-03,895,508,282,425,188,1403,842,561,0.02403832127604516,0.027182352996982337,35,78.45,2745.75,35,Orders,35,0
2025-07-04,872,764,220,475,177,1636,1072,564,0.020493126611636405,0.03803813830721968,47,79.28,3726.16,47,Orders,47,0
2025-07-05,917,329,234,490,193,1246,685,561,0.018701774398082356,0.04649196935998409,32,73.86,2363.52,32,Orders,32,0
2025-07-06,920,304,276,445,199,1224,714,510,0.0237533890873036,0.03708273226971757,33,85.13,2809.29,33,Orders,33,0
2025-07-07,897,409,264,418,215,1306,736,570,0.015018473004873903,0.05070131070345642,34,73.33,2493.22,34,Orders,34,0
2025-07-08,868,634,234,456,178,1502,946,556,0.013029728467862559,0.041587885217447565,38,92.27,3506.26,38,Orders,38,0
2025-07-09,836,463,247,392,197,1299,766,533,0.011374768957454323,0.04740639374109262,31,71.96,2230.76,31,Orders,31,0
2025-07-10,870,394,358,407,105,1264,751,513,0.012089185480270307,0.046889989770960296,29,88.3,2560.7,29,Orders,29,0
2025-07-11,780,143,242,400,138,923,471,452,0.02081944483265987,0.03959857367572147,22,74.87,1647.14,22,Orders,22,0
2025-07-12,795,51,250,386,159,846,409,437,0.01581301742261785,0.031270799831865786,14,87.16,1220.24,14,Orders,14,0
2025-07-13,868,110,270,414,184,978,554,424,0.01427377504164178,0.02567988677080562,15,80.38,1205.7,15,Orders,15,0
2025-07-14,813,175,243,433,137,988,539,449,0.01692509433045097,0.054067101425461485,23,76.39,1756.97,23,Orders,23,0
2025-07-15,856,87,236,444,176,943,457,486,0.017977403402577516,0.02871744488358646,18,65.81,1184.58,18,Orders,18,0
2025-07-16,837,30,260,444,133,867,449,418,0.011715609509128968,0.0346470758302915,11,65.75,723.25,11,Orders,11,0
2025-07-17,827,475,282,444,101,1302,751,551,0.020937622100759872,0.03953349480850871,36,95.89,3452.04,36,Orders,36,0
2025-07-18,848,238,168,480,200,1086,629,457,0.01418828229821149,0.04683516257126905,23,85.79,1973.17,23,Orders,23,0
2025-07-19,815,275,278,297,240,1090,642,448,0.0177163155683866,0.022712158342297496,21,61.18,1284.78,21,Orders,21,0
2025-07-20,783,178,223,389,171,961,493,468,0.010256715773176524,0.025767497362492536,13,83.3,1082.9,13,Orders,13,0
2025-07-21,797,89,259,400,138,886,485,401,0.016957509136458576,0.050485050767011014,18,83.57,1504.26,18,Orders,18,0
2025-07-22,838,25,234,423,181,863,478,385,0.013289293163393452,0.049799064642954666,12,72.04,864.48,12,Orders,12,0
2025-07-23,764,437,261,353,150,1201,732,469,0.016372849118635294,0.04493323716646911,32,68.64,2196.48,32,Orders,32,0
2025-07-24,864,467,268,480,116,1331,801,530,0.015398868571279775,0.04240623464728274,33,70.54,2327.82,33,Orders,33,0
2025-07-25,804,613,273,435,96,1417,853,564,0.01230771634060729,0.03338333912559765,30,75.32,2259.6,30,Orders,30,0
2025-07-26,818,686,202,429,187,1504,915,589,0.012685701542508043,0.032142555674132677,32,69.38,2220.16,32,Orders,32,0
2025-07-27,835,506,226,420,189,1341,807,534,0.01229322281034009,0.0425663267762924,32,78.68,2517.76,32,Orders,32,0
2025-07-28,845,350,239,424,182,1195,655,540,0.019028466299947644,0.03587500236260429,29,78.8,2285.2,29,Orders,29,0
2025-07-29,762,300,248,347,167,1062,596,466,0.018126042395560416,0.032063340894515235,23,75.0,1725.0,23,Orders,23,0
2025-07-30,803,401,280,359,164,1204,748,456,0.018947875253923115,0.03549473859796249,29,74.54,2161.66,29,Orders,29,0
2025-07-31,758,182,201,408,149,940,553,387,0.016937669043772526,0.027008972241236957,18,74.13,1334.34,18,Orders,18,0
2025-08-01,805,337,249,410,146,1142,608,534,0.01308266562108037,0.049522301355728944,27,73.39,1981.53,27,Orders,27,0
2025-08-02,811,134,246,398,167,945,502,443,0.021804128934126553,0.03236922306471966,22,85.4,1878.8,22,Orders,22,0
2025-08-03,805,393,229,381,195,1198,680,518,0.019132662199475597,0.04241563216975183,32,70.95,2270.4,32,Orders,32,0
2025-08-04,791,673,245,413,133,1464,944,520,0.01781941323375627,0.04098857943367852,42,80.12,3365.04,42,Orders,42,0
2025-08-05,776,337,214,383,179,1113,631,482,0.015760495914908555,0.02986475925667395,22,78.85,1734.7,22,Orders,22,0
2025-08-06,787,403,228,416,143,1190,704,486,0.012464722950096695,0.0427010409494794,27,71.1,1919.7,27,Orders,27,0
2025-08-07,711,314,210,351,150,1025,630,395,0.023084425851297264,0.039264082039295004,29,80.29,2328.41,29,Orders,29,0
2025-08-08,792,325,262,360,170,1117,600,517,0.02245229544460462,0.03739372521269962,30,74.58,2237.4,30,Orders,30,0
2025-08-09,797,300,276,387,134,1097,671,426,0.014247485450581372,0.03263231546717678,21,69.65,1462.65,21,Orders,21,0
2025-08-10,815,128,274,387,154,943,496,447,0.014056384510760436,0.03890119572735416,16,83.45,1335.2,16,Orders,16,0
2025-08-11,823,153,256,415,152,976,541,435,0.013513421306206115,0.05877067984840328,20,73.65,1473.0,20,Orders,20,0
2025-08-12,789,470,266,351,172,1259,762,497,0.013564760289820146,0.048264388832962114,33,83.29,2748.57,33,Orders,33,0
2025-08-13,798,235,240,363,195,1033,567,466,0.022840235912838708,0.031088046597140158,26,75.55,1964.3,26,Orders,26,0
2025-08-14,795,293,254,370,171,1088,648,440,0.016793566157981322,0.04052033258961041,25,67.15,1678.75,25,Orders,25,0
2025-08-15,818,395,277,431,110,1213,676,537,0.020334344176999326,0.025883102562971813,27,82.91,2238.57,27,Orders,27,0
2025-08-16,788,197,249,348,191,985,518,467,0.023759814821692357,0.034197607153194004,25,79.69,1992.25,25,Orders,25,0
2025-08-17,853,114,282,400,171,967,540,427,0.02042704266358606,0.0323650075095825,21,80.45,1689.45,21,Orders,21,0
2025-08-18,841,154,244,412,185,995,558,437,0.015905476345080362,0.03504398752323381,19,72.34,1374.46,19,Orders,19,0
2025-08-19,758,316,206,394,158,1074,623,451,0.01649652579148594,0.047338733564828296,27,83.51,2254.77,27,Orders,27,0
2025-08-20,768,438,228,352,188,1206,671,535,0.016484505202240513,0.03646246128191211,29,75.14,2179.06,29,Orders,29,0
2025-08-21,756,202,250,376,130,958,535,423,0.011725971298158522,0.03322498142158862,16,68.72,1099.52,16,Orders,16,0
2025-08-22,785,506,187,406,192,1291,817,474,0.019518483416120464,0.05125114979481487,41,78.94,3236.54,41,Orders,41,0
2025-08-23,772,368,252,397,123,1140,631,509,0.017458826529425833,0.03629159368518827,27,74.35,2007.45,27,Orders,27,0
2025-08-24,802,339,208,395,199,1141,652,489,0.016073568541151353,0.04483586759532908,28,79.37,2222.36,28,Orders,28,0
2025-08-25,802,291,215,438,149,1093,645,448,0.021917119954985867,0.04373459675881258,30,71.34,2140.2,30,Orders,30,0
2025-08-26,786,305,225,385,176,1091,598,493,0.0168376766261178,0.03329950639762116,23,70.79,1628.17,23,Orders,23,0
2025-08-27,765,133,244,376,145,898,518,380,0.022135869444351173,0.032926394173007606,21,75.59,1587.39,21,Orders,21,0
2025-08-28,770,276,192,396,182,1046,541,505,0.0164385926473576,0.03947309548739547,24,86.93,2086.32,24,Orders,24,0
2025-08-29,844,385,259,404,181,1229,685,544,0.013071472533842929,0.056579390138446234,33,82.1,2709.3,33,Orders,33,0
2025-08-30,786,451,218,392,176,1237,704,533,0.02289910012604095,0.048712997688452706,40,81.82,3272.8,40,Orders,40,0
2025-08-31,812,530,268,432,112,1342,730,612,0.02373130844320671,0.036701353478104166,39,71.07,2771.73,39,Orders,39,0
2025-09-01,782,343,220,380,182,1125,660,465,0.015976542608343313,0.02718737618367623,22,81.09,1783.98,22,Orders,22,0
2025-09-02,857,139,301,432,124,996,528,468,0.011873652959985073,0.03967481882242827,16,79.4,1270.4,16,Orders,16,0
2025-09-03,779,72,200,385,194,851,372,479,0.014215052452078571,0.021675143817790638,13,79.54,1034.02,13,Orders,13,0
2025-09-04,767,113,222,384,161,880,521,359,0.015738697742182107,0.028430675270764347,15,82.29,1234.35,15,Orders,15,0
2025-09-05,770,363,208,370,192,1133,649,484,0.011083123616867734,0.04459542287338289,25,63.92,1598.0,25,Orders,25,0
2025-09-06,808,620,232,398,178,1428,855,573,0.010586328058624653,0.044411482561091786,36,72.81,2621.16,36,Orders,36,0
2025-09-07,755,411,250,346,159,1166,665,501,0.016394076631587064,0.031947633416405975,26,81.31,2114.06,26,Orders,26,0
2025-09-08,715,458,195,378,142,1173,678,495,0.024837866506921658,0.037967783270751454,35,91.01,3185.35,35,Orders,35,0
2025-09-09,843,358,244,425,174,1201,713,488,0.011067819873487384,0.03006403488811803,20,83.12,1662.4,20,Orders,20,0
2025-09-10,867,297,224,413,230,1164,711,453,0.012440800696891893,0.031731262318561465,20,83.45,1669.0,20,Orders,20,0
2025-09-11,865,112,263,425,177,977,530,447,0.013716658989332093,0.04491192462562754,17,96.31,1637.27,17,Orders,17,0
2025-09-12,780,329,258,390,132,1109,708,401,0.0131064972154756,0.04285641239917978,24,83.95,2014.8,24,Orders,24,0
2025-09-13,828,595,304,421,103,1423,860,563,0.010188291761937853,0.048640748987892515,37,76.86,2843.82,37,Orders,37,0
2025-09-14,827,297,285,324,218,1124,618,506,0.01945433965455522,0.040265129412055053,28,81.84,2291.52,28,Orders,28,0
2025-09-15,839,542,284,378,177,1381,899,482,0.024295312155549448,0.03921172331713099,42,71.0,2982.0,42,Orders,42,0
2025-09-16,797,215,224,406,167,1012,555,457,0.018601184437284556,0.027298659792091395,21,63.48,1333.08,21,Orders,21,0
2025-09-17,791,107,216,367,208,898,501,397,0.02071775916160751,0.030255659590787274,20,80.74,1614.8,20,Orders,20,0
2025-09-18,818,317,294,378,146,1135,610,525,0.011881999398801872,0.04237870396978296,23,75.95,1746.85,23,Orders,23,0
2025-09-19,785,292,252,361,172,1077,626,451,0.022679422806930947,0.03168081017733217,27,93.81,2532.87,27,Orders,27,0
2025-09-20,762,338,200,394,168,1100,623,477,0.023850974167925344,0.045865654152112065,34,89.95,3058.3,34,Orders,34,0
2025-09-21,827,477,260,428,139,1304,806,498,0.01282595267503888,0.027902744694082212,24,77.48,1859.52,24,Orders,24,0
2025-09-22,892,222,293,390,209,1114,593,521,0.010575917078902462,0.04222287839478316,19,90.48,1719.12,19,Orders,19,0
2025-09-23,789,472,243,396,150,1261,724,537,0.01354110878377162,0.0308662351969533,25,77.98,1949.5,25,Orders,25,0
2025-09-24,803,193,201,426,176,996,562,434,0.013135695932309416,0.026039953800046332,16,58.63,938.08,16,Orders,16,0
2025-09-25,739,334,220,378,141,1073,626,447,0.010222414611890105,0.03617857814133929,20,89.44,1788.8,20,Orders,20,0
2025-09-26,864,300,281,404,179,1164,624,540,0.015277575525543808,0.03216089543263899,23,87.45,2011.35,23,Orders,23,0
2025-09-27,851,274,272,411,168,1125,614,511,0.021680766687639595,0.038002816395106796,29,76.4,2215.6,29,Orders,29,0
2025-09-28,778,380,199,412,167,1158,724,434,0.014059632404849146,0.028887396202922334,22,53.93,1186.46,22,Orders,22,0
2025-09-29,807,167,229,408,170,974,528,446,0.011108958243579834,0.03337153247341626,15,77.26,1158.9,15,Orders,15,0
2025-09-30,744,525,274,326,144,1269,763,506,0.014405771761657119,0.040743835465039444,32,68.14,2180.48,32,Orders,32,0
2025-10-01,844,574,213,413,218,1418,853,565,0.02046156402152788,0.03499747405162205,37,82.99,3070.63,37,Orders,37,0
2025-10-02,812,602,232,406,174,1414,834,580,0.01201763246832379,0.05634370068540391,44,80.58,3545.52,44,Orders,44,0
2025-10-03,862,439,245,457,160,1301,812,489,0.015098389621074751,0.04727435942712873,34,80.4,2733.6,34,Orders,34,0
2025-10-04,839,348,255,376,208,1187,643,544,0.016551054326837355,0.028026856007650303,24,68.17,1636.08,24,Orders,24,0
2025-10-05,851,330,287,400,164,1181,680,501,0.01932264441213985,0.04015222781447404,30,96.62,2898.6,30,Orders,30,0
2025-10-06,806,365,232,413,161,1171,625,546,0.016290134778561137,0.025459780954230137,22,78.45,1725.9,22,Orders,22,0
2025-10-07,821,225,247,414,160,1046,573,473,0.014232231724364837,0.03248322626688167,19,76.78,1458.82,19,Orders,19,0
2025-10-08,901,288,224,454,223,1189,662,527,0.012955160392911369,0.047953721884745365,25,81.0,2025.0,25,Orders,25,0
2025-10-09,788,116,259,398,131,904,467,437,0.023532112543128845,0.04171558189072122,23,78.03,1794.69,23,Orders,23,0
2025-10-10,778,233,223,410,145,1011,482,529,0.01509187973432078,0.03045390702754354,19,69.03,1311.57,19,Orders,19,0
2025-10-11,900,417,275,460,165,1317,739,578,0.019714719286131235,0.05165093154423732,39,80.78,3150.42,39,Orders,39,0
2025-10-12,837,353,214,468,155,1190,692,498,0.011806510981622753,0.03244250067256231,21,71.28,1496.88,21,Orders,21,0
2025-10-13,873,443,281,396,196,1316,741,575,0.012074501621922345,0.045179115226922424,31,82.44,2555.64,31,Orders,31,0
2025-10-14,859,438,248,433,178,1297,758,539,0.018201130170758348,0.03317482607341807,30,71.79,2153.7,30,Orders,30,0
2025-10-15,866,668,271,425,170,1534,864,670,0.013888674148680804,0.055056876874490554,49,79.77,3908.73,49,Orders,49,0
2025-10-16,797,801,240,374,183,1598,978,620,0.024527775866790287,0.04240185962716973,54,80.9,4368.6,54,Orders,54,0
2025-10-17,831,368,322,377,132,1199,691,508,0.020989290365208215,0.04145956226669758,33,90.89,2999.37,33,Orders,33,0
2025-10-18,851,317,300,388,163,1168,627,541,0.014446754067297096,0.03236444251654217,23,93.25,2144.75,23,Orders,23,0
2025-10-19,849,312,260,431,158,1161,596,565,0.011123345905310233,0.03956376412010312,22,84.52,1859.44,22,Orders,22,0
2025-10-20,888,156,225,481,182,1044,557,487,0.017959227596589723,0.027103899155625055,20,68.2,1364.0,20,Orders,20,0
2025-10-21,890,427,232,448,210,1317,821,496,0.022298106721707147,0.026009316892406164,31,84.56,2621.36,31,Orders,31,0
2025-10-22,822,305,279,420,123,1127,631,496,0.012204087923973168,0.023024538141468764,17,89.11,1514.87,17,Orders,17,0
2025-10-23,967,152,292,482,193,1119,563,556,0.012484284342911312,0.04296183410722183,19,68.14,1294.66,19,Orders,19,0
2025-10-24,855,616,229,441,185,1471,898,573,0.012975855429520344,0.048638294845651575,41,79.43,3256.63,41,Orders,41,0
2025-10-25,977,293,299,550,128,1270,618,652,0.016395974955202564,0.048546461713537256,30,71.63,2148.9,30,Orders,30,0
2025-10-26,946,477,316,499,131,1423,794,629,0.016927816504711174,0.02899652395044603,30,75.49,2264.7,30,Orders,30,0
2025-10-27,1000,165,353,445,202,1165,591,574,0.020754280458023213,0.04329025917417263,28,72.39,2026.92,28,Orders,28,0
2025-10-28,1055,182,292,496,267,1237,736,501,0.020550126184739493,0.02727867926680801,27,82.92,2238.84,27,Orders,27,0
2025-10-29,968,312,319,456,193,1280,698,582,0.011161745446067526,0.05258894542582156,27,83.79,2262.33,27,Orders,27,0
2025-10-30,1020,156,329,500,191,1176,682,494,0.013087988359795645,0.0312305222536201,18,72.89,1312.02,18,Orders,18,0
2025-10-31,1040,702,361,531,148,1742,1060,682,0.020022753557784465,0.03302419335731831,44,76.82,3380.08,44,Orders,44,0
2025-11-01,976,524,271,480,225,1500,859,641,0.021659310132382138,0.04022638322140657,42,78.02,3276.84,42,Orders,42,0
2025-11-02,990,813,331,456,203,1803,1091,712,0.02423545877731406,0.040902096145998476,57,77.33,4407.81,57,Orders,57,0
2025-11-03,1101,639,357,467,277,1740,987,753,0.025566280349768104,0.03017332866333097,47,87.2,4098.4,47,Orders,47,0
2025-11-04,1136,472,331,515,290,1608,908,700,0.014153620342998177,0.03152583452359142,31,90.61,2808.91,31,Orders,31,0
2025-11-05,1101,167,247,582,272,1268,637,631,0.01601638058199727,0.033696485889752534,23,74.09,1704.07,23,Orders,23,0
2025-11-06,1005,581,315,533,157,1586,971,615,0.015169319249743518,0.03617298667604305,36,73.35,2640.6,36,Orders,36,0
2025-11-07,1158,719,342,582,234,1877,1114,763,0.027499809882344073,0.04182466432353695,62,68.59,4252.58,62,Orders,62,0
2025-11-08,1230,359,379,586,265,1589,940,649,0.022425472205824384,0.03857811793016147,41,89.18,3656.38,41,Orders,41,0
2025-11-09,1161,539,364,606,191,1700,933,767,0.02713068802759919,0.032150289421750175,49,86.5,4238.5,49,Orders,49,0
2025-11-10,1165,756,343,526,296,1921,1027,894,0.015318486957023944,0.057254645164270555,61,76.95,4693.95,61,Orders,61,0
2025-11-11,1172,733,303,678,191,1905,1088,817,0.026537213437895137,0.05715300330632624,73,74.36,5428.28,73,Orders,73,0
2025-11-12,1191,313,330,609,252,1504,914,590,0.023704301231886053,0.047324882318921076,43,83.77,3602.11,43,Orders,43,0
2025-11-13,1095,284,337,545,213,1379,778,601,0.01885146175005814,0.03009391287027145,29,74.88,2171.52,29,Orders,29,0
2025-11-14,1169,849,403,589,177,2018,1236,782,0.015716289586727526,0.03239117046098419,46,72.25,3323.5,46,Orders,46,0
2025-11-15,1172,425,340,547,285,1597,863,734,0.013642897081606615,0.0206469026558647,25,77.8,1945.0,25,Orders,51,26
2025-11-16,1163,726,360,573,230,1889,1091,798,0.008042563079474466,0.024252928466652647,27,85.22,2300.94,27,Orders,56,29
2025-11-17,1193,638,380,572,241,1831,1053,778,0.014003065626569907,0.028186477079770213,35,87.89,3076.15,35,Orders,72,37
2025-11-18,1290,712,273,746,271,2002,1075,927,0.006685150125355967,0.02552041867771023,27,68.6,1852.2,27,Orders,55,28
2025-11-19,1244,1212,415,573,256,2456,1498,958,0.008378232484065213,0.01956970135275578,34,72.26,2456.84,34,Orders,70,36
2025-11-20,1238,667,393,660,185,1905,1013,892,0.012599571812437108,0.01821636796052152,28,86.24,2414.72,28,Orders,57,29
2025-11-21,1169,474,361,517,291,1643,911,732,0.011505310922763823,0.023068349808061276,24,79.44,1906.56,24,Orders,50,26
2025-11-22,1259,121,375,601,283,1380,656,724,0.012718252503481103,0.023853091681001862,19,76.83,1459.77,19,Orders,39,20
2025-11-23,1241,209,360,605,276,1450,749,701,0.00987093060610405,0.012045876835060537,15,85.04,1275.6,15,Orders,30,15
2025-11-24,1215,462,391,592,232,1677,913,764,0.012457011627553506,0.025944466759940842,27,72.75,1964.25,27,Orders,56,29
2025-11-25,1270,719,396,640,234,1989,1171,818,0.013798745540823165,0.025366896180510967,36,93.6,3369.6,36,Orders,74,38
2025-11-26,1242,592,373,702,167,1834,948,886,0.011346345837043978,0.03387794600237339,34,92.81,3155.54,34,Orders,70,36
2025-11-27,1279,488,340,721,218,1767,959,808,0.009243132872607673,0.015629387161078014,19,74.42,1413.98,19,Orders,40,21
2025-11-28,2676,183,840,1281,555,2859,1242,1617,0.012467489536220126,0.016746017400661145,36,90.07,3242.52,36,Orders,75,39
2025-11-29,2835,533,776,1383,676,3368,1622,1746,0.009368968499476426,0.02435386601932212,40,78.84,3153.6,40,Orders,82,42
2025-11-30,3030,237,867,1597,566,3267,1526,1741,0.006826095055574027,0.02180939005923997,26,73.56,1912.56,26,Orders,53,27
2025-12-01,3162,457,853,1538,771,3619,1653,1966,0.012764811003248675,0.015666211836732623,48,81.55,3914.4,48,Orders,98,50
2025-12-02,1267,169,411,604,252,1436,709,727,0.01442940613337398,0.018716799461903744,21,72.56,1523.76,21,Orders,44,23
2025-12-03,1246,517,384,634,228,1763,971,792,0.012103333588405742,0.017554388058281047,24,90.45,2170.8,24,Orders,50,26
2025-12-04,1246,522,379,609,258,1768,1098,670,0.007509736810469397,0.02684821520827142,23,76.6,1761.8,23,Orders,48,25
2025-12-05,1275,685,417,542,316,1960,1122,838,0.008438844751937112,0.0229544784969869,26,63.49,1650.74,26,Orders,55,29
2025-12-06,1369,289,284,807,278,1658,843,815,0.014226216135619278,0.028633828881960668,28,80.49,2253.72,28,Orders,57,29
2025-12-07,1267,347,379,655,233,1614,814,800,0.01130909215753652,0.024553590882853735,23,63.86,1468.78,23,Orders,47,24
2025-12-08,1200,120,379,580,241,1320,595,725,0.011489585898400918,0.019695675357922642,16,81.37,1301.92,16,Orders,33,17
2025-12-09,1209,511,320,638,251,1720,949,771,0.007359719955245989,0.02182410765144223,20,89.05,1781.0,20,Orders,38,18
2025-12-10,1248,710,417,669,162,1958,1256,702,0.009803262449605792,0.023085633355479453,29,74.57,2162.53,29,Orders,51,22
2025-12-11,1334,355,410,709,215,1689,827,862,0.007860518451373599,0.03157300400296196,22,79.1,1740.2,22,Orders,36,14
2025-12-12,1230,306,433,553,244,1536,794,742,0.01807642812201342,0.02197510145995663,29,77.11,2236.19,29,Orders,46,17
2025-12-13,1180,511,298,650,232,1691,995,696,0.018883607560963182,0.038967947142320256,42,90.31,3793.02,42,Orders,63,21
2025-12-14,1290,528,466,576,248,1818,1017,801,0.021448525953336423,0.023015437997749598,40,89.49,3579.6,40,Orders,56,16
2025-12-15,1231,241,349,614,268,1472,689,783,0.021283543284722546,0.030471006731432403,34,61.25,2082.5,34,Orders,45,11
2025-12-16,1203,582,408,588,207,1785,989,796,0.02298062949878369,0.032778097661841345,47,78.88,3707.36,47,Orders,60,13
2025-12-17,1366,761,422,632,312,2127,1163,964,0.024502268792745547,0.05967616978994985,79,78.0,6162.0,79,Orders,97,18
2025-12-18,1323,598,329,744,250,1921,1075,846,0.022695963220706303,0.023536952347443484,44,83.4,3669.6,44,Orders,52,8
2025-12-19,1436,398,415,688,333,1834,946,888,0.027084343676649875,0.02876656420824644,50,86.25,4312.5,50,Orders,57,7
2025-12-20,1390,325,292,827,271,1715,835,880,0.027382126086726088,0.03716672729321187,50,87.99,4399.5,50,Orders,54,4
2025-12-21,1331,353,398,640,293,1684,886,798,0.012882845817737435,0.04246336902501622,32,77.18,2469.76,32,Orders,33,1
2025-12-22,1260,384,268,656,336,1644,892,752,0.014543581480875025,0.04189808132882687,34,75.85,2578.9,34,Orders,34,0
2025-12-23,1304,238,344,646,314,1542,791,751,0.01775544868342405,0.028588136749040538,30,74.9,2247.0,30,Orders,30,0
2025-12-24,1222,466,445,611,166,1688,923,765,0.022880173633830624,0.031566269430286516,43,78.29,3366.47,43,Orders,43,0
2025-12-25,1315,532,367,689,259,1847,1098,749,0.021734899354546068,0.03777628488611251,49,78.76,3859.24,49,Orders,49,0
2025-12-26,1324,558,398,684,242,1882,971,911,0.02185035766859988,0.03827885315610048,50,76.96,3848.0,50,Orders,50,0
2025-12-27,1252,232,414,621,217,1484,667,817,0.029173918736673986,0.0438294693000893,47,80.03,3761.41,47,Orders,47,0
2025-12-28,1255,625,436,597,222,1880,1048,832,0.02013102215421996,0.038530542801929815,49,70.5,3454.5,49,Orders,49,0
2025-12-29,1209,599,377,614,218,1808,990,818,0.02219912722429508,0.0427348423195011,52,87.71,4560.92,52,Orders,52,0
2025-12-30,1279,940,322,712,245,2219,1342,877,0.012382296304228052,0.03961593253893506,53,81.81,4335.93,53,Orders,53,0
2025-12-31,1279,937,356,636,287,2216,1341,875,0.029089103086105902,0.0348615421317613,70,79.66,5576.2,70,Orders,70,0
