date,client,platform,followers,reach,likes,comments,shares,saves,total_engagements,engagement_rate
2024-01-01,aesthetician,tiktok,469168,67196,4962,850,708,569,7089,0.1055
2024-01-03,aesthetician,tiktok,466248,127005,9583,1642,1369,1097,13691,0.1078
2024-01-04,aesthetician,tiktok,466870,152626,9647,1653,1378,1104,13782,0.0903
2024-01-05,aesthetician,tiktok,468320,82001,5263,902,751,603,7519,0.0917
2024-01-09,aesthetician,tiktok,469438,114575,8115,1391,1159,929,11594,0.1012
2024-01-10,aesthetician,tiktok,469813,53549,2079,356,297,239,2971,0.0555
2024-01-13,aesthetician,tiktok,469824,87849,6395,1096,913,732,9136,0.104
2024-01-14,aesthetician,tiktok,467576,95445,7161,1227,1023,820,10231,0.1072
2024-01-18,aesthetician,tiktok,472527,150001,11623,1992,1660,1330,16605,0.1107
2024-01-19,aesthetician,tiktok,468865,123402,5692,975,813,652,8132,0.0659
2024-01-20,aesthetician,tiktok,471170,48463,3127,536,446,359,4468,0.0922
2024-01-21,aesthetician,tiktok,469936,91929,6717,1151,959,770,9597,0.1044
2024-01-22,aesthetician,tiktok,471171,51967,2593,444,370,298,3705,0.0713
2024-01-23,aesthetician,tiktok,471986,64848,3985,683,569,456,5693,0.0878
2024-01-24,aesthetician,tiktok,472236,73290,4370,749,624,501,6244,0.0852
2024-01-31,aesthetician,tiktok,474198,134148,5023,861,717,575,7176,0.0535
2024-02-03,aesthetician,tiktok,476674,100771,5466,937,780,626,7809,0.0775
2024-02-04,aesthetician,tiktok,475283,107500,6899,1182,985,791,9857,0.0917
2024-02-07,aesthetician,tiktok,475068,81922,3755,643,536,431,5365,0.0655
2024-02-08,aesthetician,tiktok,477051,63470,3447,591,492,395,4925,0.0776
2024-02-09,aesthetician,tiktok,477633,115997,4530,776,647,519,6472,0.0558
2024-02-10,aesthetician,tiktok,474441,94791,3549,608,507,407,5071,0.0535
2024-02-14,aesthetician,tiktok,478089,107787,4225,724,603,484,6036,0.056
2024-02-15,aesthetician,tiktok,478497,63445,4627,793,661,529,6610,0.1042
2024-02-16,aesthetician,tiktok,477326,114487,4760,816,680,544,6800,0.0594
2024-02-18,aesthetician,tiktok,480246,126464,7453,1277,1064,854,10648,0.0842
2024-02-19,aesthetician,tiktok,478316,121710,5426,930,775,621,7752,0.0637
2024-02-20,aesthetician,tiktok,478971,77596,5512,945,787,631,7875,0.1015
2024-02-24,aesthetician,tiktok,479580,142253,5476,938,782,627,7823,0.055
2024-02-25,aesthetician,tiktok,480112,160518,8157,1398,1165,933,11653,0.0726
2024-02-26,aesthetician,tiktok,478769,129794,5114,876,730,587,7307,0.0563
2024-02-28,aesthetician,tiktok,478791,90983,5069,869,724,580,7242,0.0796
2024-03-02,aesthetician,tiktok,483951,122924,6237,1069,891,714,8911,0.0725
2024-03-04,aesthetician,tiktok,480941,87015,3148,539,449,362,4498,0.0517
2024-03-05,aesthetician,tiktok,480991,125755,10483,1797,1497,1200,14977,0.1191
2024-03-07,aesthetician,tiktok,479825,104432,8720,1494,1245,999,12458,0.1193
2024-03-11,aesthetician,tiktok,483056,56006,2359,404,337,271,3371,0.0602
2024-03-14,aesthetician,tiktok,482838,75881,5699,977,814,652,8142,0.1073
2024-03-15,aesthetician,tiktok,487411,148126,7900,1354,1128,905,11287,0.0762
2024-03-18,aesthetician,tiktok,487273,65830,5054,866,722,579,7221,0.1097
2024-03-21,aesthetician,tiktok,485575,173407,6530,1119,932,748,9329,0.0538
2024-03-22,aesthetician,tiktok,490129,164838,13257,2272,1893,1517,18939,0.1149
2024-03-25,aesthetician,tiktok,489055,53832,4046,693,578,464,5781,0.1074
2024-03-27,aesthetician,tiktok,487662,66494,4589,786,655,526,6556,0.0986
2024-03-29,aesthetician,tiktok,484993,54813,3126,536,446,359,4467,0.0815
2024-04-01,aesthetician,tiktok,492800,124047,5609,961,801,642,8013,0.0646
2024-04-04,aesthetician,tiktok,488171,121449,5466,937,780,626,7809,0.0643
2024-04-06,aesthetician,tiktok,488312,116538,5555,952,793,636,7936,0.0681
2024-04-09,aesthetician,tiktok,493021,72495,5130,879,732,588,7329,0.1011
2024-04-10,aesthetician,tiktok,495372,56399,3903,669,557,448,5577,0.0989
2024-04-11,aesthetician,tiktok,494076,143262,9105,1560,1300,1043,13008,0.0908
2024-04-14,aesthetician,tiktok,493645,77243,2865,491,409,328,4093,0.053
2024-04-16,aesthetician,tiktok,494211,162073,7929,1359,1132,908,11328,0.0699
2024-04-19,aesthetician,tiktok,495374,62706,4094,702,585,469,5850,0.0933
2024-04-21,aesthetician,tiktok,495755,57228,3837,657,548,440,5482,0.0958
2024-04-22,aesthetician,tiktok,495306,94622,5112,876,730,586,7304,0.0772
2024-04-24,aesthetician,tiktok,495562,151653,11634,1994,1662,1331,16621,0.1096
2024-04-27,aesthetician,tiktok,496093,61416,4750,814,678,544,6786,0.1105
2024-05-01,aesthetician,tiktok,496100,158665,12294,2107,1756,1407,17564,0.1107
2024-05-02,aesthetician,tiktok,497066,119153,5520,946,788,633,7887,0.0662
2024-05-04,aesthetician,tiktok,495475,77091,6388,1095,912,732,9127,0.1184
2024-05-05,aesthetician,tiktok,498116,197808,9982,1711,1426,1142,14261,0.0721
2024-05-07,aesthetician,tiktok,497303,92517,5646,968,806,647,8067,0.0872
2024-05-10,aesthetician,tiktok,497908,137450,8178,1401,1168,936,11683,0.085
2024-05-11,aesthetician,tiktok,500091,68055,5468,937,781,626,7812,0.1148
2024-05-12,aesthetician,tiktok,502169,151113,7118,1220,1016,815,10169,0.0673
2024-05-16,aesthetician,tiktok,502500,129572,6647,1139,949,762,9497,0.0733
2024-05-17,aesthetician,tiktok,499017,121113,5170,886,738,593,7387,0.061
2024-05-18,aesthetician,tiktok,500149,166649,8702,1491,1243,996,12432,0.0746
2024-05-19,aesthetician,tiktok,503315,225448,10494,1799,1499,1200,14992,0.0665
2024-05-21,aesthetician,tiktok,500937,197300,11753,2014,1679,1344,16790,0.0851
2024-05-22,aesthetician,tiktok,502338,208756,13706,2349,1958,1568,19581,0.0938
2024-05-23,aesthetician,tiktok,503767,198901,15635,2680,2233,1788,22336,0.1123
2024-05-24,aesthetician,tiktok,501735,155716,5678,973,811,650,8112,0.0521
2024-05-29,aesthetician,tiktok,504654,90486,4407,755,629,506,6297,0.0696
2024-05-30,aesthetician,tiktok,502734,172690,13635,2337,1947,1560,19479,0.1128
2024-06-01,aesthetician,tiktok,504362,128216,5034,863,719,576,7192,0.0561
2024-06-03,aesthetician,tiktok,506278,166588,13666,2342,1952,1564,19524,0.1172
2024-06-04,aesthetician,tiktok,503634,102697,6742,1155,963,772,9632,0.0938
2024-06-05,aesthetician,tiktok,506981,91076,4258,729,608,488,6083,0.0668
2024-06-09,aesthetician,tiktok,507321,215947,17822,3055,2546,2037,25460,0.1179
2024-06-11,aesthetician,tiktok,508712,155780,7959,1364,1137,911,11371,0.073
2024-06-12,aesthetician,tiktok,508471,89001,4017,688,574,461,5740,0.0645
2024-06-14,aesthetician,tiktok,510730,199202,12256,2101,1750,1402,17509,0.0879
2024-06-17,aesthetician,tiktok,509619,117171,9054,1552,1293,1036,12935,0.1104
2024-06-20,aesthetician,tiktok,509549,151027,10508,1801,1501,1202,15012,0.0994
2024-06-21,aesthetician,tiktok,510653,227462,9473,1623,1353,1084,13533,0.0595
2024-06-23,aesthetician,tiktok,511818,87918,7279,1248,1040,833,10400,0.1183
2024-06-24,aesthetician,tiktok,511320,210646,17000,2914,2428,1945,24287,0.1153
2024-06-26,aesthetician,tiktok,511827,150763,7619,1306,1088,872,10885,0.0722
2024-06-27,aesthetician,tiktok,510946,80772,6580,1128,940,753,9401,0.1164
2024-06-30,aesthetician,tiktok,511783,194041,9806,1681,1400,1122,14009,0.0722
2024-07-01,aesthetician,tiktok,510904,174655,12335,2114,1762,1411,17622,0.1009
2024-07-05,aesthetician,tiktok,516799,118517,9258,1587,1322,1059,13226,0.1116
2024-07-07,aesthetician,tiktok,512700,119453,6588,1129,941,754,9412,0.0788
2024-07-09,aesthetician,tiktok,514069,180690,14595,2502,2085,1669,20851,0.1154
2024-07-11,aesthetician,tiktok,514547,92768,7487,1283,1069,857,10696,0.1153
2024-07-12,aesthetician,tiktok,517304,69706,5098,874,728,584,7284,0.1045
2024-07-13,aesthetician,tiktok,515721,158553,6980,1196,997,799,9972,0.0629
2024-07-16,aesthetician,tiktok,518892,90599,5884,1008,840,675,8407,0.0928
2024-07-18,aesthetician,tiktok,516431,84880,5329,913,761,610,7613,0.0897
2024-07-19,aesthetician,tiktok,518169,146422,6794,1164,970,779,9707,0.0663
2024-07-21,aesthetician,tiktok,516956,145484,7647,1311,1092,875,10925,0.0751
2024-07-22,aesthetician,tiktok,521852,121500,7093,1215,1013,812,10133,0.0834
2024-07-24,aesthetician,tiktok,517185,147735,9544,1636,1363,1092,13635,0.0923
2024-07-25,aesthetician,tiktok,519776,166822,8897,1525,1271,1018,12711,0.0762
2024-07-31,aesthetician,tiktok,521842,71079,4199,719,599,482,5999,0.0844
2024-08-02,aesthetician,tiktok,522018,56995,2533,434,361,291,3619,0.0635
2024-08-04,aesthetician,tiktok,521600,54528,3950,677,564,452,5643,0.1035
2024-08-07,aesthetician,tiktok,522465,106634,5142,881,734,590,7347,0.0689
2024-08-09,aesthetician,tiktok,523257,182029,12996,2227,1856,1487,18566,0.102
2024-08-10,aesthetician,tiktok,523217,61072,4403,754,629,504,6290,0.103
2024-08-11,aesthetician,tiktok,525222,182133,14648,2511,2092,1676,20927,0.1149
2024-08-12,aesthetician,tiktok,527442,117419,9098,1559,1299,1042,12998,0.1107
2024-08-13,aesthetician,tiktok,523350,112229,5711,979,815,654,8159,0.0727
2024-08-16,aesthetician,tiktok,522848,105205,4956,849,708,567,7080,0.0673
2024-08-18,aesthetician,tiktok,525386,149122,5521,946,788,633,7888,0.0529
2024-08-19,aesthetician,tiktok,529853,94432,5063,867,723,580,7233,0.0766
2024-08-22,aesthetician,tiktok,525294,150033,9746,1670,1392,1115,13923,0.0928
2024-08-23,aesthetician,tiktok,529413,122457,7851,1346,1121,899,11217,0.0916
2024-08-24,aesthetician,tiktok,529735,157187,12245,2099,1749,1401,17494,0.1113
2024-08-27,aesthetician,tiktok,526985,112196,6785,1163,969,776,9693,0.0864
2024-08-29,aesthetician,tiktok,529283,58540,4421,757,631,507,6316,0.1079
2024-08-30,aesthetician,tiktok,531223,122009,10222,1752,1460,1170,14604,0.1197
2024-08-31,aesthetician,tiktok,528298,149927,8154,1397,1164,934,11649,0.0777
2024-09-02,aesthetician,tiktok,529096,121179,7548,1294,1078,864,10784,0.089
2024-09-03,aesthetician,tiktok,528755,59391,3911,670,558,449,5588,0.0941
2024-09-06,aesthetician,tiktok,528843,105509,5198,891,742,596,7427,0.0704
2024-09-08,aesthetician,tiktok,529943,162642,8117,1391,1159,929,11596,0.0713
2024-09-09,aesthetician,tiktok,529286,108829,6269,1074,895,718,8956,0.0823
2024-09-11,aesthetician,tiktok,531810,60433,3929,673,561,451,5614,0.0929
2024-09-14,aesthetician,tiktok,531305,72023,4345,744,620,499,6208,0.0862
2024-09-16,aesthetician,tiktok,533428,113587,8594,1473,1227,984,12278,0.1081
2024-09-19,aesthetician,tiktok,531341,68239,4804,823,686,551,6864,0.1006
2024-09-21,aesthetician,tiktok,534883,179316,13116,2248,1873,1501,18738,0.1045
2024-09-23,aesthetician,tiktok,536209,72053,4977,853,711,570,7111,0.0987
2024-09-24,aesthetician,tiktok,531930,113737,6281,1076,897,719,8973,0.0789
2024-09-29,aesthetician,tiktok,537031,134569,5887,1009,841,673,8410,0.0625
2024-10-01,aesthetician,tiktok,538926,82367,5759,987,822,660,8228,0.0999
2024-10-02,aesthetician,tiktok,535259,88516,5068,868,724,580,7240,0.0818
2024-10-03,aesthetician,tiktok,540165,179969,12395,2124,1770,1419,17708,0.0984
2024-10-05,aesthetician,tiktok,538663,154191,11419,1957,1631,1306,16313,0.1058
2024-10-07,aesthetician,tiktok,537367,71036,2913,499,416,334,4162,0.0586
2024-10-09,aesthetician,tiktok,538935,106223,6059,1038,865,695,8657,0.0815
2024-10-10,aesthetician,tiktok,540189,109695,6657,1141,951,761,9510,0.0867
2024-10-13,aesthetician,tiktok,540187,128555,9484,1625,1354,1086,13549,0.1054
2024-10-14,aesthetician,tiktok,541197,110312,8995,1542,1285,1029,12851,0.1165
2024-10-15,aesthetician,tiktok,539090,165321,8864,1519,1266,1014,12663,0.0766
2024-10-20,aesthetician,tiktok,542157,142612,11370,1949,1624,1300,16243,0.1139
2024-10-21,aesthetician,tiktok,539842,81878,5513,945,787,631,7876,0.0962
2024-10-24,aesthetician,tiktok,542739,90304,7003,1200,1000,802,10005,0.1108
2024-10-26,aesthetician,tiktok,541966,131690,9199,1577,1314,1052,13142,0.0998
2024-10-27,aesthetician,tiktok,542499,190990,9585,1643,1369,1096,13693,0.0717
2024-10-29,aesthetician,tiktok,546236,174465,9916,1699,1416,1135,14166,0.0812
2024-10-30,aesthetician,tiktok,546260,91820,3740,641,534,428,5343,0.0582
2024-10-31,aesthetician,tiktok,545733,179290,8056,1381,1151,922,11510,0.0642
2024-11-04,aesthetician,tiktok,543988,159289,7548,1293,1078,864,10783,0.0677
2024-11-05,aesthetician,tiktok,545517,177901,13685,2346,1955,1565,19551,0.1099
2024-11-09,aesthetician,tiktok,549065,254796,8988,1540,1284,1029,12841,0.0504
2024-11-11,aesthetician,tiktok,547826,199321,9305,1595,1329,1065,13294,0.0667
2024-11-12,aesthetician,tiktok,551665,165551,9653,1654,1379,1104,13790,0.0833
2024-11-14,aesthetician,tiktok,549019,205344,7991,1370,1141,915,11417,0.0556
2024-11-17,aesthetician,tiktok,549468,195958,9203,1577,1314,1054,13148,0.0671
2024-11-18,aesthetician,tiktok,548901,198233,12959,2221,1851,1483,18514,0.0934
2024-11-21,aesthetician,tiktok,550410,93685,7069,1211,1009,810,10099,0.1078
2024-11-23,aesthetician,tiktok,550457,220545,9324,1598,1332,1066,13320,0.0604
2024-11-27,aesthetician,tiktok,552920,265254,9766,1674,1395,1117,13952,0.0526
2024-11-28,aesthetician,tiktok,553591,262567,17773,3046,2539,2032,25390,0.0967
2024-12-01,aesthetician,tiktok,551483,279957,13893,2381,1984,1590,19848,0.0709
2024-12-02,aesthetician,tiktok,550837,173193,6473,1109,924,742,9248,0.0534
2024-12-03,aesthetician,tiktok,550257,227264,9942,1704,1420,1138,14204,0.0625
2024-12-06,aesthetician,tiktok,554929,233929,15195,2604,2170,1739,21708,0.0928
2024-12-07,aesthetician,tiktok,552509,253523,16255,2786,2322,1859,23222,0.0916
2024-12-10,aesthetician,tiktok,551537,182610,7975,1367,1139,913,11394,0.0624
2024-12-11,aesthetician,tiktok,556030,286688,18161,3113,2594,2077,25945,0.0905
2024-12-12,aesthetician,tiktok,559798,151633,5996,1028,856,687,8567,0.0565
2024-12-14,aesthetician,tiktok,556151,167860,8906,1526,1272,1019,12723,0.0758
2024-12-16,aesthetician,tiktok,558081,178718,6842,1173,977,783,9775,0.0547
2024-12-17,aesthetician,tiktok,557077,148926,9225,1581,1317,1056,13179,0.0885
2024-12-21,aesthetician,tiktok,557813,228387,9496,1627,1356,1087,13566,0.0594
2024-12-22,aesthetician,tiktok,559778,191818,9291,1592,1327,1063,13273,0.0692
2024-12-25,aesthetician,tiktok,558530,216549,13141,2252,1877,1504,18774,0.0867
2024-12-26,aesthetician,tiktok,559725,99160,6441,1104,920,737,9202,0.0928
2024-12-28,aesthetician,tiktok,560336,193290,13678,2344,1954,1565,19541,0.1011
2024-12-31,aesthetician,tiktok,559451,155934,12999,2228,1857,1487,18571,0.1191
2025-01-01,aesthetician,tiktok,562504,231700,15926,2730,2275,1821,22752,0.0982
2025-01-03,aesthetician,tiktok,561059,114068,9501,1628,1357,1088,13574,0.119
2025-01-06,aesthetician,tiktok,560858,111728,7242,1241,1034,829,10346,0.0926
2025-01-07,aesthetician,tiktok,563298,214327,13022,2232,1860,1489,18603,0.0868
2025-01-09,aesthetician,tiktok,561394,78346,4102,703,586,469,5860,0.0748
2025-01-16,aesthetician,tiktok,564777,129857,8126,1393,1160,930,11609,0.0894
2025-01-17,aesthetician,tiktok,564973,126060,8311,1424,1187,952,11874,0.0942
2025-01-18,aesthetician,tiktok,567090,143105,6270,1074,895,719,8958,0.0626
2025-01-20,aesthetician,tiktok,566573,195363,13620,2334,1945,1559,19458,0.0996
2025-01-21,aesthetician,tiktok,565985,59992,2103,360,300,242,3005,0.0501
2025-01-22,aesthetician,tiktok,567676,73503,4825,827,689,553,6894,0.0938
2025-01-27,aesthetician,tiktok,569952,170923,13088,2243,1869,1498,18698,0.1094
2025-01-30,aesthetician,tiktok,569315,115861,9723,1666,1389,1113,13891,0.1199
2025-01-31,aesthetician,tiktok,568641,136532,7014,1202,1002,803,10021,0.0734
2025-02-03,aesthetician,tiktok,567162,58317,3861,661,551,443,5516,0.0946
2025-02-07,aesthetician,tiktok,568618,96896,4347,745,621,498,6211,0.0641
2025-02-08,aesthetician,tiktok,570178,100888,7436,1274,1062,851,10623,0.1053
2025-02-09,aesthetician,tiktok,569916,103143,6172,1058,881,707,8818,0.0855
2025-02-10,aesthetician,tiktok,570899,154975,5467,937,781,625,7810,0.0504
2025-02-11,aesthetician,tiktok,571577,160669,8311,1424,1187,951,11873,0.0739
2025-02-14,aesthetician,tiktok,573168,61488,4006,686,572,460,5724,0.0931
2025-02-15,aesthetician,tiktok,572397,104536,4558,781,651,522,6512,0.0623
2025-02-18,aesthetician,tiktok,574134,154107,7949,1362,1135,911,11357,0.0737
2025-02-19,aesthetician,tiktok,573668,172039,13740,2355,1962,1572,19629,0.1141
2025-02-20,aesthetician,tiktok,570416,126078,8401,1440,1200,961,12002,0.0952
2025-02-24,aesthetician,tiktok,573235,186801,12278,2104,1754,1404,17540,0.0939
2025-02-25,aesthetician,tiktok,574866,106776,6547,1122,935,749,9353,0.0876
2025-02-27,aesthetician,tiktok,573545,118424,8695,1490,1242,995,12422,0.1049
2025-03-02,aesthetician,tiktok,577450,182109,13002,2229,1857,1487,18575,0.102
2025-03-04,aesthetician,tiktok,579581,167244,8311,1424,1187,952,11874,0.071
2025-03-05,aesthetician,tiktok,579302,139391,7035,1206,1005,804,10050,0.0721
2025-03-08,aesthetician,tiktok,577600,162310,7339,1258,1048,840,10485,0.0646
2025-03-09,aesthetician,tiktok,580816,194099,14401,2468,2057,1648,20574,0.106
2025-03-13,aesthetician,tiktok,579527,207627,10871,1863,1553,1243,15530,0.0748
2025-03-15,aesthetician,tiktok,579201,65555,3193,547,456,366,4562,0.0696
2025-03-16,aesthetician,tiktok,578980,156257,13004,2229,1857,1488,18578,0.1189
2025-03-18,aesthetician,tiktok,580040,148515,11331,1942,1618,1297,16188,0.109
2025-03-20,aesthetician,tiktok,580409,152734,8264,1416,1180,946,11806,0.0773
2025-03-21,aesthetician,tiktok,581643,177337,13716,2351,1959,1569,19595,0.1105
2025-03-22,aesthetician,tiktok,581885,110219,7668,1314,1095,878,10955,0.0994
2025-03-26,aesthetician,tiktok,582649,126329,4615,791,659,529,6594,0.0522
2025-03-28,aesthetician,tiktok,583927,99431,5901,1011,843,676,8431,0.0848
2025-03-29,aesthetician,tiktok,585507,211453,12077,2070,1725,1382,17254,0.0816
2025-04-01,aesthetician,tiktok,585866,110429,5031,862,718,577,7188,0.0651
2025-04-02,aesthetician,tiktok,581857,185284,7508,1287,1072,860,10727,0.0579
2025-04-04,aesthetician,tiktok,580498,205451,15014,2573,2144,1718,21449,0.1044
2025-04-05,aesthetician,tiktok,586880,67302,3820,654,545,439,5458,0.0811
2025-04-08,aesthetician,tiktok,583616,142436,8355,1432,1193,956,11936,0.0838
2025-04-10,aesthetician,tiktok,586143,211124,9354,1603,1336,1071,13364,0.0633
2025-04-11,aesthetician,tiktok,584738,147248,10441,1789,1491,1195,14916,0.1013
2025-04-16,aesthetician,tiktok,584917,87635,6398,1096,914,732,9140,0.1043
2025-04-18,aesthetician,tiktok,589571,200297,15562,2667,2223,1780,22232,0.111
2025-04-19,aesthetician,tiktok,590216,177549,14379,2465,2054,1644,20542,0.1157
2025-04-20,aesthetician,tiktok,588116,185825,7713,1322,1101,883,11019,0.0593
2025-04-21,aesthetician,tiktok,584813,184121,10593,1816,1513,1212,15134,0.0822
2025-04-24,aesthetician,tiktok,589206,68733,4166,714,595,477,5952,0.0866
2025-04-25,aesthetician,tiktok,591127,186900,15084,2585,2154,1726,21549,0.1153
2025-04-26,aesthetician,tiktok,588072,83957,5383,922,769,616,7690,0.0916
2025-04-28,aesthetician,tiktok,591537,78578,4548,779,649,522,6498,0.0827
2025-04-30,aesthetician,tiktok,591704,189512,11461,1964,1637,1311,16373,0.0864
2025-05-02,aesthetician,tiktok,593279,178078,8962,1536,1280,1025,12803,0.0719
2025-05-05,aesthetician,tiktok,593242,240301,12093,2073,1727,1384,17277,0.0719
2025-05-07,aesthetician,tiktok,591816,111252,5645,967,806,647,8065,0.0725
2025-05-10,aesthetician,tiktok,596461,138011,6703,1149,957,768,9577,0.0694
2025-05-13,aesthetician,tiktok,594823,99899,5656,969,808,648,8081,0.0809
2025-05-15,aesthetician,tiktok,595576,130389,5521,946,788,633,7888,0.0605
2025-05-16,aesthetician,tiktok,594217,197551,7065,1211,1009,809,10094,0.0511
2025-05-18,aesthetician,tiktok,595611,117417,7067,1211,1009,810,10097,0.086
2025-05-19,aesthetician,tiktok,595080,138955,7246,1242,1035,829,10352,0.0745
2025-05-21,aesthetician,tiktok,596873,214225,8982,1539,1283,1028,12832,0.0599
2025-05-22,aesthetician,tiktok,600511,125847,6148,1054,878,704,8784,0.0698
2025-05-25,aesthetician,tiktok,595759,196188,7552,1294,1079,865,10790,0.055
2025-05-26,aesthetician,tiktok,595584,163299,8424,1444,1203,964,12035,0.0737
2025-05-30,aesthetician,tiktok,602166,170406,7049,1208,1007,806,10070,0.0591
2025-05-31,aesthetician,tiktok,599403,98557,6712,1150,958,769,9589,0.0973
2025-06-03,aesthetician,tiktok,599353,160987,6062,1039,866,694,8661,0.0538
2025-06-07,aesthetician,tiktok,603474,195367,8547,1465,1221,977,12210,0.0625
2025-06-08,aesthetician,tiktok,600763,241360,15458,2650,2208,1768,22084,0.0915
2025-06-09,aesthetician,tiktok,605414,199969,13857,2375,1979,1585,19796,0.099
2025-06-10,aesthetician,tiktok,603601,238826,12019,2060,1717,1375,17171,0.0719
2025-06-12,aesthetician,tiktok,602012,209519,14650,2511,2093,1676,20930,0.0999
2025-06-16,aesthetician,tiktok,607842,271216,16573,2841,2367,1896,23677,0.0873
2025-06-20,aesthetician,tiktok,603873,167726,12081,2071,1725,1382,17259,0.1029
2025-06-22,aesthetician,tiktok,606839,233481,9675,1658,1382,1107,13822,0.0592
2025-06-25,aesthetician,tiktok,606814,163492,13092,2244,1870,1497,18703,0.1144
2025-06-26,aesthetician,tiktok,608898,203176,11648,1996,1664,1332,16640,0.0819
2025-06-27,aesthetician,tiktok,609632,160884,11228,1924,1604,1284,16040,0.0997
2025-06-28,aesthetician,tiktok,607107,114418,5301,908,757,608,7574,0.0662
2025-07-01,aesthetician,tiktok,606454,180904,13967,2394,1995,1597,19953,0.1103
2025-07-02,aesthetician,tiktok,608927,140049,11165,1914,1595,1277,15951,0.1139
2025-07-04,aesthetician,tiktok,607369,184083,12756,2186,1822,1460,18224,0.099
2025-07-07,aesthetician,tiktok,613067,217290,16000,2742,2285,1831,22858,0.1052
2025-07-08,aesthetician,tiktok,609895,71878,4110,704,587,471,5872,0.0817
2025-07-10,aesthetician,tiktok,609496,123424,7196,1233,1028,824,10281,0.0833
2025-07-14,aesthetician,tiktok,611542,91923,5295,907,756,607,7565,0.0823
2025-07-17,aesthetician,tiktok,609509,159888,11617,1991,1659,1329,16596,0.1038
2025-07-19,aesthetician,tiktok,610716,79818,3290,564,470,377,4701,0.0589
2025-07-23,aesthetician,tiktok,615749,189712,14235,2440,2033,1629,20337,0.1072
2025-07-24,aesthetician,tiktok,612590,165142,8415,1442,1202,963,12022,0.0728
2025-07-25,aesthetician,tiktok,612130,146351,10808,1852,1544,1236,15440,0.1055
2025-07-26,aesthetician,tiktok,615308,128027,6998,1199,999,802,9998,0.0781
2025-07-30,aesthetician,tiktok,617546,148600,9725,1667,1389,1113,13894,0.0935
2025-08-01,aesthetician,tiktok,617205,122392,10126,1735,1446,1159,14466,0.1182
2025-08-03,aesthetician,tiktok,618238,189301,9779,1676,1397,1118,13970,0.0738
2025-08-04,aesthetician,tiktok,615255,183546,11743,2013,1677,1343,16776,0.0914
2025-08-06,aesthetician,tiktok,614542,183358,10332,1771,1476,1181,14760,0.0805
2025-08-09,aesthetician,tiktok,620737,98952,6101,1046,871,699,8717,0.0881
2025-08-11,aesthetician,tiktok,617874,73897,4986,854,712,571,7123,0.0964
2025-08-12,aesthetician,tiktok,618267,150667,12149,2082,1735,1390,17356,0.1152
2025-08-15,aesthetician,tiktok,621980,154275,9081,1556,1297,1040,12974,0.0841
2025-08-19,aesthetician,tiktok,621585,148417,8560,1467,1222,980,12229,0.0824
2025-08-22,aesthetician,tiktok,622179,89620,6743,1156,963,772,9634,0.1075
2025-08-23,aesthetician,tiktok,625626,73448,6010,1030,858,688,8586,0.1169
2025-08-26,aesthetician,tiktok,621166,188534,7601,1303,1085,870,10859,0.0576
2025-08-29,aesthetician,tiktok,624881,121681,8857,1518,1265,1014,12654,0.104
2025-08-30,aesthetician,tiktok,623512,165255,9786,1677,1398,1119,13980,0.0846
2025-08-31,aesthetician,tiktok,624168,189908,7483,1282,1069,857,10691,0.0563
2025-09-05,aesthetician,tiktok,627829,204555,16050,2751,2293,1836,22930,0.1121
2025-09-06,aesthetician,tiktok,626176,62646,4144,710,592,474,5920,0.0945
2025-09-07,aesthetician,tiktok,626493,86019,3630,622,518,416,5186,0.0603
2025-09-08,aesthetician,tiktok,627756,123978,7566,1297,1081,866,10810,0.0872
2025-09-10,aesthetician,tiktok,625576,93158,5901,1011,843,675,8430,0.0905
2025-09-12,aesthetician,tiktok,625203,112004,7659,1313,1094,876,10942,0.0977
2025-09-13,aesthetician,tiktok,625075,205212,12913,2213,1844,1478,18448,0.0899
2025-09-15,aesthetician,tiktok,623858,209512,10456,1792,1493,1197,14938,0.0713
2025-09-18,aesthetician,tiktok,632215,218651,12305,2109,1757,1408,17579,0.0804
2025-09-20,aesthetician,tiktok,626777,76793,3982,682,569,457,5690,0.0741
2025-09-21,aesthetician,tiktok,628700,218421,7736,1326,1105,885,11052,0.0506
2025-09-23,aesthetician,tiktok,629114,83314,4566,782,652,523,6523,0.0783
2025-09-26,aesthetician,tiktok,630997,122269,6042,1035,863,692,8632,0.0706
2025-09-28,aesthetician,tiktok,632479,72401,4480,768,640,512,6400,0.0884
2025-09-30,aesthetician,tiktok,633084,195882,13601,2331,1943,1556,19431,0.0992
2025-10-01,aesthetician,tiktok,630609,201948,10616,1819,1516,1215,15166,0.0751
2025-10-02,aesthetician,tiktok,631657,102073,7902,1354,1128,905,11289,0.1106
2025-10-03,aesthetician,tiktok,632769,128101,8894,1524,1270,1019,12707,0.0992
2025-10-08,aesthetician,tiktok,633059,127709,6463,1107,923,740,9233,0.0723
2025-10-10,aesthetician,tiktok,637108,155948,8372,1435,1196,958,11961,0.0767
2025-10-11,aesthetician,tiktok,635245,144305,9737,1669,1391,1114,13911,0.0964
2025-10-12,aesthetician,tiktok,635969,129905,5746,985,820,658,8209,0.0632
2025-10-15,aesthetician,tiktok,636612,207210,16636,2851,2376,1903,23766,0.1147
2025-10-16,aesthetician,tiktok,637846,234889,9996,1713,1428,1144,14281,0.0608
2025-10-18,aesthetician,tiktok,636473,90821,6160,1056,880,704,8800,0.0969
2025-10-19,aesthetician,tiktok,633912,71035,2734,468,390,314,3906,0.055
2025-10-21,aesthetician,tiktok,637670,155897,10966,1880,1566,1255,15667,0.1005
2025-10-24,aesthetician,tiktok,636439,254318,14348,2459,2049,1642,20498,0.0806
2025-10-26,aesthetician,tiktok,637193,196891,7704,1320,1100,882,11006,0.0559
2025-10-29,aesthetician,tiktok,640108,170501,9440,1618,1348,1080,13486,0.0791
2025-10-31,aesthetician,tiktok,641879,207139,15253,2614,2179,1745,21791,0.1052
2025-11-01,aesthetician,tiktok,639803,121055,6762,1159,966,773,9660,0.0798
2025-11-02,aesthetician,tiktok,640615,202079,12122,2078,1731,1387,17318,0.0857
2025-11-03,aesthetician,tiktok,643552,163440,9324,1598,1332,1066,13320,0.0815
2025-11-06,aesthetician,tiktok,641524,225602,9948,1705,1421,1138,14212,0.063
2025-11-07,aesthetician,tiktok,646326,285471,18084,3100,2583,2068,25835,0.0905
2025-11-09,aesthetician,tiktok,642929,209741,9777,1676,1396,1119,13968,0.0666
2025-11-10,aesthetician,tiktok,638708,220607,12168,2085,1738,1392,17383,0.0788
2025-11-11,aesthetician,tiktok,643811,326480,17299,2965,2471,1979,24714,0.0757
2025-11-14,aesthetician,tiktok,643873,266052,16723,2866,2389,1913,23891,0.0898
2025-11-16,aesthetician,tiktok,646148,214018,8673,1486,1239,993,12391,0.0579
2025-11-17,aesthetician,tiktok,645217,131670,9060,1553,1294,1036,12943,0.0983
2025-11-18,aesthetician,tiktok,643909,336010,23802,4080,3400,2722,34004,0.1012
2025-11-19,aesthetician,tiktok,642069,285995,23802,4080,3400,2722,34004,0.1189
2025-11-21,aesthetician,tiktok,644551,116873,6749,1157,964,772,9642,0.0825
2025-11-24,aesthetician,tiktok,644086,119856,9421,1615,1345,1078,13459,0.1123
2025-11-25,aesthetician,tiktok,644869,280910,16340,2801,2334,1868,23343,0.0831
2025-11-26,aesthetician,tiktok,647395,118259,9701,1663,1385,1110,13859,0.1172
2025-11-29,aesthetician,tiktok,650274,298851,19747,3385,2821,2258,28211,0.0944
2025-12-01,aesthetician,tiktok,648318,112856,5679,973,811,651,8114,0.0719
2025-12-03,aesthetician,tiktok,645746,293181,15186,2603,2169,1737,21695,0.074
2025-12-04,aesthetician,tiktok,649195,228460,13241,2269,1891,1515,18916,0.0828
2025-12-09,aesthetician,tiktok,651961,286007,16576,2841,2368,1896,23681,0.0828
2025-12-10,aesthetician,tiktok,648699,341649,19012,3259,2716,2174,27161,0.0795
2025-12-13,aesthetician,tiktok,650406,173673,12873,2206,1839,1473,18391,0.1059
2025-12-16,aesthetician,tiktok,651475,333951,12272,2103,1753,1404,17532,0.0525
2025-12-17,aesthetician,tiktok,650171,283929,20371,3492,2910,2329,29102,0.1025
2025-12-20,aesthetician,tiktok,653754,116890,7322,1255,1046,838,10461,0.0895
2025-12-25,aesthetician,tiktok,653545,144117,8383,1437,1197,959,11976,0.0831
2025-12-26,aesthetician,tiktok,654866,352819,13237,2269,1891,1514,18911,0.0536
2025-12-28,aesthetician,tiktok,652819,259118,19334,3314,2762,2211,27621,0.1066
2025-12-29,aesthetician,tiktok,653962,122272,5999,1028,857,687,8571,0.0701
2025-12-30,aesthetician,tiktok,656501,318358,19030,3262,2718,2177,27187,0.0854
2025-12-31,aesthetician,tiktok,654607,135083,6561,1124,937,752,9374,0.0694
2024-01-01,vlogger,tiktok,3145487,1006667,46930,8045,6704,5365,67044,0.0666
2024-01-02,vlogger,tiktok,3145521,375368,23437,4017,3348,2680,33482,0.0892
2024-01-04,vlogger,tiktok,3141858,1135260,58885,10094,8412,6731,84122,0.0741
2024-01-05,vlogger,tiktok,3157846,498406,33073,5669,4724,3782,47248,0.0948
2024-01-07,vlogger,tiktok,3164557,489575,18779,3219,2682,2148,26828,0.0548
2024-01-10,vlogger,tiktok,3146536,901822,52584,9014,7512,6011,75121,0.0833
2024-01-11,vlogger,tiktok,3156579,905176,52400,8982,7485,5991,74858,0.0827
2024-01-12,vlogger,tiktok,3158548,801009,61452,10534,8779,7025,87790,0.1096
2024-01-13,vlogger,tiktok,3158955,580152,29848,5116,4264,3413,42641,0.0735
2024-01-14,vlogger,tiktok,3177810,421131,21519,3689,3074,2460,30742,0.073
2024-01-15,vlogger,tiktok,3170111,1090574,84966,14565,12138,9711,121380,0.1113
2024-01-16,vlogger,tiktok,3171471,1098875,65151,11168,9307,7448,93074,0.0847
2024-01-17,vlogger,tiktok,3156931,905946,60055,10295,8579,6864,85793,0.0947
2024-01-18,vlogger,tiktok,3184117,512479,29667,5085,4238,3392,42382,0.0827
2024-01-20,vlogger,tiktok,3170297,972302,56966,9765,8138,6512,81381,0.0837
2024-01-22,vlogger,tiktok,3186769,1009915,75642,12967,10806,8645,108060,0.107
2024-01-23,vlogger,tiktok,3190883,670346,35802,6137,5114,4094,51147,0.0763
2024-01-25,vlogger,tiktok,3205330,342217,25823,4426,3689,2952,36890,0.1078
2024-01-26,vlogger,tiktok,3181791,633002,22465,3851,3209,2568,32093,0.0507
2024-01-28,vlogger,tiktok,3169429,451264,28050,4808,4007,3207,40072,0.0888
2024-01-29,vlogger,tiktok,3202201,866916,49032,8405,7004,5605,70046,0.0808
2024-01-31,vlogger,tiktok,3221814,642675,51240,8784,7320,5856,73200,0.1139
2024-02-01,vlogger,tiktok,3218457,506166,41915,7185,5987,4792,59879,0.1183
2024-02-03,vlogger,tiktok,3212627,521965,25539,4378,3648,2920,36485,0.0699
2024-02-04,vlogger,tiktok,3207903,483590,23120,3963,3302,2644,33029,0.0683
2024-02-05,vlogger,tiktok,3222460,546418,41806,7166,5972,4779,59723,0.1093
2024-02-06,vlogger,tiktok,3207315,485011,21626,3707,3089,2473,30895,0.0637
2024-02-08,vlogger,tiktok,3225382,424338,20287,3477,2898,2320,28982,0.0683
2024-02-09,vlogger,tiktok,3227700,455191,34475,5910,4925,3941,49251,0.1082
2024-02-10,vlogger,tiktok,3235105,1091250,73178,12544,10454,8365,104541,0.0958
2024-02-12,vlogger,tiktok,3255648,521513,26904,4612,3843,3076,38435,0.0737
2024-02-13,vlogger,tiktok,3234754,653519,37466,6422,5352,4283,53523,0.0819
2024-02-14,vlogger,tiktok,3228048,484148,25790,4421,3684,2948,36843,0.0761
2024-02-15,vlogger,tiktok,3234771,1018122,61931,10616,8847,7080,88474,0.0869
2024-02-17,vlogger,tiktok,3221897,705115,46198,7919,6599,5282,65998,0.0936
2024-02-19,vlogger,tiktok,3236397,440487,30771,5275,4396,3518,43960,0.0998
2024-02-20,vlogger,tiktok,3241206,451609,35342,6058,5048,4041,50489,0.1118
2024-02-21,vlogger,tiktok,3242119,793656,35166,6028,5023,4021,50238,0.0633
2024-02-24,vlogger,tiktok,3254815,613409,42337,7257,6048,4840,60482,0.0986
2024-02-25,vlogger,tiktok,3247330,883233,49522,8489,7074,5661,70746,0.0801
2024-02-28,vlogger,tiktok,3272434,999104,80077,13727,11439,9154,114397,0.1145
2024-02-29,vlogger,tiktok,3263501,1074635,68529,11747,9789,7834,97899,0.0911
2024-03-01,vlogger,tiktok,3265442,470219,23237,3983,3319,2658,33197,0.0706
2024-03-02,vlogger,tiktok,3264354,882136,41556,7124,5936,4751,59367,0.0673
2024-03-03,vlogger,tiktok,3271124,452054,22023,3775,3146,2518,31462,0.0696
2024-03-04,vlogger,tiktok,3279735,847226,50765,8702,7252,5803,72522,0.0856
2024-03-05,vlogger,tiktok,3265155,966210,56947,9762,8135,6510,81354,0.0842
2024-03-06,vlogger,tiktok,3269238,1022083,75051,12865,10721,8579,107216,0.1049
2024-03-08,vlogger,tiktok,3276785,488081,31773,5446,4539,3633,45391,0.093
2024-03-10,vlogger,tiktok,3270583,1100994,59497,10199,8499,6801,84996,0.0772
2024-03-12,vlogger,tiktok,3279830,666608,47875,8207,6839,5472,68393,0.1026
2024-03-13,vlogger,tiktok,3285245,499314,30162,5170,4309,3449,43090,0.0863
2024-03-14,vlogger,tiktok,3300615,801842,56072,9612,8010,6410,80104,0.0999
2024-03-16,vlogger,tiktok,3298644,1173937,68862,11805,9837,7871,98375,0.0838
2024-03-17,vlogger,tiktok,3299998,849952,49501,8485,7071,5659,70716,0.0832
2024-03-19,vlogger,tiktok,3310580,1034684,68588,11758,9798,7840,97984,0.0947
2024-03-21,vlogger,tiktok,3304857,526760,35213,6036,5030,4026,50305,0.0955
2024-03-22,vlogger,tiktok,3312129,740827,58391,10010,8341,6675,83417,0.1126
2024-03-23,vlogger,tiktok,3309263,537360,24976,4281,3568,2855,35680,0.0664
2024-03-24,vlogger,tiktok,3314959,676199,37772,6475,5396,4317,53960,0.0798
2024-03-25,vlogger,tiktok,3308562,1079048,46074,7898,6582,5267,65821,0.061
2024-03-27,vlogger,tiktok,3294146,419177,19894,3410,2842,2274,28420,0.0678
2024-03-28,vlogger,tiktok,3319122,605573,43491,7455,6213,4972,62131,0.1026
2024-03-29,vlogger,tiktok,3336675,551958,33343,5715,4763,3812,47633,0.0863
2024-03-30,vlogger,tiktok,3333766,798332,29561,5067,4223,3380,42231,0.0529
2024-04-01,vlogger,tiktok,3338237,745853,38374,6578,5482,4386,54820,0.0735
2024-04-02,vlogger,tiktok,3342982,673516,37858,6489,5408,4328,54083,0.0803
2024-04-03,vlogger,tiktok,3333552,588931,34958,5992,4994,3997,49941,0.0848
2024-04-05,vlogger,tiktok,3338709,737664,26695,4576,3813,3053,38137,0.0517
2024-04-07,vlogger,tiktok,3334612,416561,20003,3429,2857,2287,28576,0.0686
2024-04-08,vlogger,tiktok,3339667,608858,48202,8263,6886,5510,68861,0.1131
2024-04-09,vlogger,tiktok,3351050,832723,49604,8503,7086,5671,70864,0.0851
2024-04-10,vlogger,tiktok,3358993,596428,23170,3972,3310,2649,33101,0.0555
2024-04-11,vlogger,tiktok,3347539,455698,21021,3603,3003,2403,30030,0.0659
2024-04-12,vlogger,tiktok,3346448,831029,43745,7499,6249,5000,62493,0.0752
2024-04-15,vlogger,tiktok,3357082,947421,48678,8344,6954,5564,69540,0.0734
2024-04-16,vlogger,tiktok,3365170,1011554,47795,8193,6827,5464,68279,0.0675
2024-04-17,vlogger,tiktok,3346587,1093771,79473,13623,11353,9084,113533,0.1038
2024-04-18,vlogger,tiktok,3340013,879701,38979,6682,5568,4456,55685,0.0633
2024-04-20,vlogger,tiktok,3361687,1105449,46196,7919,6599,5281,65995,0.0597
2024-04-22,vlogger,tiktok,3358971,828681,58064,9954,8295,6637,82950,0.1001
2024-04-24,vlogger,tiktok,3370240,1029316,49211,8436,7030,5625,70302,0.0683
2024-04-26,vlogger,tiktok,3377956,656600,32035,5491,4576,3663,45765,0.0697
2024-04-27,vlogger,tiktok,3376891,1181428,99074,16984,14153,11324,141535,0.1198
2024-04-28,vlogger,tiktok,3398266,1021220,76846,13173,10978,8784,109781,0.1075
2024-04-29,vlogger,tiktok,3388876,925636,32915,5642,4702,3763,47022,0.0508
2024-04-30,vlogger,tiktok,3390645,1185337,98904,16955,14129,11304,141292,0.1192
2024-05-02,vlogger,tiktok,3397991,549551,42546,7293,6078,4863,60780,0.1106
2024-05-04,vlogger,tiktok,3384127,529713,37302,6394,5328,4265,53289,0.1006
2024-05-05,vlogger,tiktok,3408355,861568,40045,6864,5720,4579,57208,0.0664
2024-05-07,vlogger,tiktok,3401058,753341,46774,8018,6682,5347,66821,0.0887
2024-05-08,vlogger,tiktok,3410713,642609,48131,8251,6875,5502,68759,0.107
2024-05-09,vlogger,tiktok,3394948,1073339,42074,7212,6010,4810,60106,0.056
2024-05-10,vlogger,tiktok,3392049,1152390,64533,11062,9219,7377,92191,0.08
2024-05-12,vlogger,tiktok,3420375,722654,40063,6868,5723,4580,57234,0.0792
2024-05-14,vlogger,tiktok,3419929,368678,28310,4853,4044,3236,40443,0.1097
2024-05-15,vlogger,tiktok,3408856,1085507,45362,7776,6480,5186,64804,0.0597
2024-05-17,vlogger,tiktok,3413246,964565,48208,8264,6886,5511,68869,0.0714
2024-05-18,vlogger,tiktok,3435770,899722,53533,9177,7647,6119,76476,0.085
2024-05-19,vlogger,tiktok,3414018,525574,27518,4717,3931,3146,39312,0.0748
2024-05-20,vlogger,tiktok,3445172,972086,54300,9308,7757,6207,77572,0.0798
2024-05-21,vlogger,tiktok,3421044,907887,65712,11265,9387,7511,93875,0.1034
2024-05-24,vlogger,tiktok,3442996,810271,40270,6903,5752,4604,57529,0.071
2024-05-25,vlogger,tiktok,3435059,351362,22061,3782,3151,2523,31517,0.0897
2024-05-26,vlogger,tiktok,3446709,1114666,46581,7985,6654,5325,66545,0.0597
2024-05-27,vlogger,tiktok,3436898,775089,64889,11124,9270,7417,92700,0.1196
2024-05-29,vlogger,tiktok,3444903,1036715,76851,13174,10978,8785,109788,0.1059
2024-05-30,vlogger,tiktok,3449044,619549,39118,6705,5588,4472,55883,0.0902
2024-05-31,vlogger,tiktok,3440280,1044822,56095,9616,8013,6413,80137,0.0767
2024-06-02,vlogger,tiktok,3462402,602765,22995,3942,3285,2628,32850,0.0545
2024-06-03,vlogger,tiktok,3451436,552194,32159,5513,4594,3676,45942,0.0832
2024-06-06,vlogger,tiktok,3460486,770610,63274,10847,9039,7232,90392,0.1173
2024-06-07,vlogger,tiktok,3454559,420004,20962,3593,2994,2397,29946,0.0713
2024-06-08,vlogger,tiktok,3440279,419914,28570,4897,4081,3267,40815,0.0972
2024-06-09,vlogger,tiktok,3466976,730381,55165,9456,7880,6307,78808,0.1079
2024-06-10,vlogger,tiktok,3496120,437147,15880,2722,2268,1817,22687,0.0519
2024-06-11,vlogger,tiktok,3481207,568148,45258,7758,6465,5174,64655,0.1138
2024-06-13,vlogger,tiktok,3476900,494952,22311,3824,3187,2552,31874,0.0644
2024-06-15,vlogger,tiktok,3478424,609440,36986,6340,5283,4229,52838,0.0867
2024-06-16,vlogger,tiktok,3483438,293109,15551,2666,2221,1779,22217,0.0758
2024-06-18,vlogger,tiktok,3492996,933958,47659,8170,6808,5448,68085,0.0729
2024-06-20,vlogger,tiktok,3478973,984256,53326,9141,7618,6096,76181,0.0774
2024-06-21,vlogger,tiktok,3505053,583288,24089,4129,3441,2754,34413,0.059
2024-06-22,vlogger,tiktok,3502911,561282,40075,6870,5725,4580,57250,0.102
2024-06-23,vlogger,tiktok,3504979,431181,34196,5862,4885,3909,48852,0.1133
2024-06-26,vlogger,tiktok,3508155,503373,39076,6698,5582,4468,55824,0.1109
2024-06-27,vlogger,tiktok,3505787,753880,56623,9706,8089,6473,80891,0.1073
2024-06-28,vlogger,tiktok,3514696,691442,29572,5069,4224,3382,42247,0.0611
2024-06-29,vlogger,tiktok,3515881,427311,21446,3676,3063,2453,30638,0.0717
2024-06-30,vlogger,tiktok,3507954,606805,42560,7296,6080,4865,60801,0.1002
2024-07-02,vlogger,tiktok,3509703,981598,44044,7550,6292,5034,62920,0.0641
2024-07-04,vlogger,tiktok,3520897,865616,49201,8434,7028,5625,70288,0.0812
2024-07-05,vlogger,tiktok,3538222,459185,29667,5085,4238,3392,42382,0.0923
2024-07-06,vlogger,tiktok,3510790,682312,34865,5976,4980,3987,49808,0.073
2024-07-07,vlogger,tiktok,3510401,606926,35856,6146,5122,4100,51224,0.0844
2024-07-08,vlogger,tiktok,3529702,347238,12809,2195,1829,1466,18299,0.0527
2024-07-09,vlogger,tiktok,3530532,932371,62132,10651,8876,7102,88761,0.0952
2024-07-10,vlogger,tiktok,3533864,878982,45715,7836,6530,5227,65308,0.0743
2024-07-12,vlogger,tiktok,3538683,560050,41359,7090,5908,4728,59085,0.1055
2024-07-13,vlogger,tiktok,3535761,883947,66578,11413,9511,7610,95112,0.1076
2024-07-15,vlogger,tiktok,3558031,412431,22836,3914,3262,2611,32623,0.0791
2024-07-16,vlogger,tiktok,3527211,586999,38295,6564,5470,4379,54708,0.0932
2024-07-17,vlogger,tiktok,3537453,749379,40338,6915,5762,4612,57627,0.0769
2024-07-18,vlogger,tiktok,3547202,351645,24343,4173,3477,2784,34777,0.0989
2024-07-21,vlogger,tiktok,3536883,314170,21749,3728,3107,2487,31071,0.0989
2024-07-22,vlogger,tiktok,3554562,397209,31140,5338,4448,3561,44487,0.112
2024-07-25,vlogger,tiktok,3580299,673412,52700,9034,7528,6025,75287,0.1118
2024-07-26,vlogger,tiktok,3564799,333925,22603,3874,3229,2584,32290,0.0967
2024-07-27,vlogger,tiktok,3569078,933378,65923,11301,9417,7536,94177,0.1009
2024-07-28,vlogger,tiktok,3555153,579615,46090,7901,6584,5269,65844,0.1136
2024-07-29,vlogger,tiktok,3564076,373601,27014,4631,3859,3088,38592,0.1033
2024-07-30,vlogger,tiktok,3568692,829876,44032,7548,6290,5034,62904,0.0758
2024-07-31,vlogger,tiktok,3571340,848531,50665,8685,7237,5792,72379,0.0853
2024-08-02,vlogger,tiktok,3592576,409495,22558,3867,3222,2580,32227,0.0787
2024-08-04,vlogger,tiktok,3588879,322657,14567,2497,2081,1666,20811,0.0645
2024-08-06,vlogger,tiktok,3574993,752575,27340,4686,3905,3127,39058,0.0519
2024-08-07,vlogger,tiktok,3591641,628001,42772,7332,6110,4890,61104,0.0973
2024-08-09,vlogger,tiktok,3598426,584917,30339,5201,4334,3468,43342,0.0741
2024-08-10,vlogger,tiktok,3607387,321542,14315,2454,2045,1636,20450,0.0636
2024-08-11,vlogger,tiktok,3614181,817214,38612,6619,5516,4414,55161,0.0675
2024-08-12,vlogger,tiktok,3588198,783994,32708,5607,4672,3739,46726,0.0596
2024-08-13,vlogger,tiktok,3592433,632552,36529,6262,5218,4176,52185,0.0825
2024-08-15,vlogger,tiktok,3591660,778275,30398,5211,4342,3476,43427,0.0558
2024-08-17,vlogger,tiktok,3606796,623053,43613,7476,6230,4986,62305,0.1
2024-08-18,vlogger,tiktok,3616417,508988,29572,5069,4224,3381,42246,0.083
2024-08-19,vlogger,tiktok,3624102,935953,40161,6884,5737,4591,57373,0.0613
2024-08-20,vlogger,tiktok,3614609,438263,28377,4864,4053,3245,40539,0.0925
2024-08-21,vlogger,tiktok,3613996,873657,35898,6153,5128,4104,51283,0.0587
2024-08-22,vlogger,tiktok,3621150,829149,35868,6148,5124,4101,51241,0.0618
2024-08-24,vlogger,tiktok,3614492,530667,18869,3234,2695,2159,26957,0.0508
2024-08-26,vlogger,tiktok,3650379,470337,26602,4560,3800,3041,38003,0.0808
2024-08-27,vlogger,tiktok,3612167,1053022,73711,12636,10530,8425,105302,0.1
2024-08-28,vlogger,tiktok,3633720,698110,42661,7313,6094,4877,60945,0.0873
2024-08-30,vlogger,tiktok,3657848,883993,32981,5653,4711,3771,47116,0.0533
2024-09-01,vlogger,tiktok,3639919,924112,56019,9603,8002,6404,80028,0.0866
2024-09-03,vlogger,tiktok,3641836,447092,30106,5161,4301,3442,43010,0.0962
2024-09-04,vlogger,tiktok,3642038,758208,52171,8943,7453,5964,74531,0.0983
2024-09-05,vlogger,tiktok,3646008,407418,26208,4492,3744,2997,37441,0.0919
2024-09-06,vlogger,tiktok,3665049,554271,29642,5081,4234,3389,42346,0.0764
2024-09-08,vlogger,tiktok,3629838,1213257,57325,9827,8189,6553,81894,0.0675
2024-09-09,vlogger,tiktok,3672938,392945,17603,3017,2514,2014,25148,0.064
2024-09-10,vlogger,tiktok,3642526,390641,14219,2437,2031,1626,20313,0.052
2024-09-12,vlogger,tiktok,3659293,1031705,77563,13296,11080,8866,110805,0.1074
2024-09-13,vlogger,tiktok,3659538,1302010,49580,8499,7082,5668,70829,0.0544
2024-09-14,vlogger,tiktok,3672764,1190280,47324,8112,6760,5411,67607,0.0568
2024-09-17,vlogger,tiktok,3654787,1078355,72842,12487,10406,8326,104061,0.0965
2024-09-18,vlogger,tiktok,3679523,881360,32759,5616,4680,3745,46800,0.0531
2024-09-19,vlogger,tiktok,3698789,701672,52604,9017,7514,6014,75149,0.1071
2024-09-21,vlogger,tiktok,3665479,985929,64804,11109,9257,7408,92578,0.0939
2024-09-22,vlogger,tiktok,3684661,769004,62120,10649,8874,7100,88743,0.1154
2024-09-23,vlogger,tiktok,3677282,610454,34185,5860,4883,3908,48836,0.08
2024-09-24,vlogger,tiktok,3691344,700927,28163,4827,4023,3220,40233,0.0574
2024-09-26,vlogger,tiktok,3690914,1021176,36455,6249,5207,4168,52079,0.051
2024-09-27,vlogger,tiktok,3685630,592839,21081,3613,3011,2411,30116,0.0508
2024-09-28,vlogger,tiktok,3700179,1027595,47042,8064,6720,5378,67204,0.0654
2024-09-30,vlogger,tiktok,3718862,999541,48627,8336,6946,5559,69468,0.0695
2024-10-02,vlogger,tiktok,3700787,1248768,46416,7957,6630,5306,66309,0.0531
2024-10-03,vlogger,tiktok,3712942,1137944,62768,10760,8966,7175,89669,0.0788
2024-10-04,vlogger,tiktok,3692594,1347794,80193,13747,11456,9166,114562,0.085
2024-10-05,vlogger,tiktok,3698369,1156501,80873,13864,11553,9244,115534,0.0999
2024-10-07,vlogger,tiktok,3718342,946007,75888,13009,10841,8674,108412,0.1146
2024-10-08,vlogger,tiktok,3731655,484631,22932,3931,3276,2622,32761,0.0676
2024-10-09,vlogger,tiktok,3721114,1006949,51243,8784,7320,5858,73205,0.0727
2024-10-12,vlogger,tiktok,3719754,1293340,69891,11981,9984,7989,99845,0.0772
2024-10-13,vlogger,tiktok,3725278,521146,37939,6503,5419,4338,54199,0.104
2024-10-14,vlogger,tiktok,3713338,1132383,49382,8465,7054,5646,70547,0.0623
2024-10-16,vlogger,tiktok,3738155,1352205,92855,15918,13265,10613,132651,0.0981
2024-10-18,vlogger,tiktok,3745345,459637,31079,5328,4440,3553,44400,0.0966
2024-10-19,vlogger,tiktok,3732422,1285547,46074,7898,6582,5266,65820,0.0512
2024-10-20,vlogger,tiktok,3734252,893025,50884,8723,7269,5816,72692,0.0814
2024-10-21,vlogger,tiktok,3744544,888009,63341,10858,9048,7241,90488,0.1019
2024-10-22,vlogger,tiktok,3738689,405607,28193,4833,4027,3223,40276,0.0993
2024-10-23,vlogger,tiktok,3744885,1139275,41070,7040,5867,4695,58672,0.0515
2024-10-25,vlogger,tiktok,3773317,630348,25900,4440,3700,2961,37001,0.0587
2024-10-26,vlogger,tiktok,3748951,633312,35464,6079,5066,4055,50664,0.08
2024-10-28,vlogger,tiktok,3751762,529405,20603,3532,2943,2356,29434,0.0556
2024-10-31,vlogger,tiktok,3754595,593331,35261,6044,5037,4031,50373,0.0849
2024-11-01,vlogger,tiktok,3772340,1031868,55111,9447,7873,6300,78731,0.0763
2024-11-02,vlogger,tiktok,3763924,1111839,51911,8899,7415,5934,74159,0.0667
2024-11-03,vlogger,tiktok,3760665,832905,69497,11913,9928,7944,99282,0.1192
2024-11-04,vlogger,tiktok,3784984,530824,41393,7095,5913,4732,59133,0.1114
2024-11-05,vlogger,tiktok,3788139,1180307,59652,10226,8521,6819,85218,0.0722
2024-11-06,vlogger,tiktok,3767310,1178573,43559,7467,6222,4980,62228,0.0528
2024-11-08,vlogger,tiktok,3757021,1195996,66138,11337,9448,7560,94483,0.079
2024-11-09,vlogger,tiktok,3791637,626056,44919,7700,6417,5134,64170,0.1025
2024-11-11,vlogger,tiktok,3776508,736291,52210,8950,7458,5968,74586,0.1013
2024-11-12,vlogger,tiktok,3795295,452377,20393,3495,2913,2332,29133,0.0644
2024-11-13,vlogger,tiktok,3765958,1372498,109717,18808,15673,12541,156739,0.1142
2024-11-15,vlogger,tiktok,3802573,1094277,81271,13932,11610,9289,116102,0.1061
2024-11-16,vlogger,tiktok,3780664,1263064,57999,9942,8285,6630,82856,0.0656
2024-11-18,vlogger,tiktok,3806848,583135,35308,6052,5044,4037,50441,0.0865
2024-11-20,vlogger,tiktok,3802752,463791,30549,5237,4364,3492,43642,0.0941
2024-11-21,vlogger,tiktok,3793735,1348050,79642,13653,11377,9103,113775,0.0844
2024-11-23,vlogger,tiktok,3804041,1390008,52152,8940,7450,5962,74504,0.0536
2024-11-24,vlogger,tiktok,3818572,526809,42665,7314,6095,4877,60951,0.1157
2024-11-25,vlogger,tiktok,3813972,949954,41360,7090,5908,4729,59087,0.0622
2024-11-26,vlogger,tiktok,3821483,606270,44857,7689,6408,5128,64082,0.1057
2024-11-27,vlogger,tiktok,3839460,832732,49838,8543,7119,5698,71198,0.0855
2024-11-28,vlogger,tiktok,3800942,562887,32584,5586,4655,3725,46550,0.0827
2024-11-29,vlogger,tiktok,3839435,830486,37089,6358,5298,4240,52985,0.0638
2024-12-02,vlogger,tiktok,3828199,706547,45698,7834,6528,5224,65284,0.0924
2024-12-03,vlogger,tiktok,3818710,1371024,86662,14856,12380,9905,123803,0.0903
2024-12-05,vlogger,tiktok,3817806,1265170,56767,9731,8109,6490,81097,0.0641
2024-12-06,vlogger,tiktok,3832962,1359325,79642,13653,11377,9103,113775,0.0837
2024-12-08,vlogger,tiktok,3849822,785944,41371,7092,5910,4729,59102,0.0752
2024-12-09,vlogger,tiktok,3839771,829229,48120,8249,6874,5500,68743,0.0829
2024-12-10,vlogger,tiktok,3860698,844626,54807,9395,7829,6265,78296,0.0927
2024-12-11,vlogger,tiktok,3828569,1360525,57998,9942,8285,6630,82855,0.0609
2024-12-12,vlogger,tiktok,3847204,1173422,68750,11785,9821,7859,98215,0.0837
2024-12-15,vlogger,tiktok,3838968,486967,27235,4668,3890,3115,38908,0.0799
2024-12-16,vlogger,tiktok,3859687,709452,56365,9662,8052,6443,80522,0.1135
2024-12-17,vlogger,tiktok,3867779,967422,59322,10169,8474,6781,84746,0.0876
2024-12-18,vlogger,tiktok,3854677,789700,34438,5903,4919,3938,49198,0.0623
2024-12-20,vlogger,tiktok,3833433,687513,34361,5890,4908,3929,49088,0.0714
2024-12-21,vlogger,tiktok,3867959,894355,55905,9583,7986,6391,79865,0.0893
2024-12-23,vlogger,tiktok,3874791,1133963,58183,9974,8311,6651,83119,0.0733
2024-12-25,vlogger,tiktok,3878488,1339958,59748,10242,8535,6830,85355,0.0637
2024-12-26,vlogger,tiktok,3890193,1288371,45363,7776,6480,5186,64805,0.0503
2024-12-28,vlogger,tiktok,3867426,786026,55626,9536,7946,6359,79467,0.1011
2024-12-29,vlogger,tiktok,3889848,833021,45657,7827,6522,5219,65225,0.0783
2024-12-31,vlogger,tiktok,3899897,1169289,63515,10888,9073,7260,90736,0.0776
2025-01-01,vlogger,tiktok,3867284,718542,38678,6630,5525,4422,55255,0.0769
2025-01-02,vlogger,tiktok,3893794,481658,40155,6883,5736,4591,57365,0.1191
2025-01-03,vlogger,tiktok,3886211,1420502,111267,19074,15895,12718,158954,0.1119
2025-01-05,vlogger,tiktok,3895214,1362094,55967,9594,7995,6398,79954,0.0587
2025-01-06,vlogger,tiktok,3902267,1191263,51200,8777,7314,5852,73143,0.0614
2025-01-07,vlogger,tiktok,3894534,1197407,98067,16811,14009,11209,140096,0.117
2025-01-09,vlogger,tiktok,3896389,765647,54988,9426,7855,6286,78555,0.1026
2025-01-10,vlogger,tiktok,3906738,1061390,73999,12685,10571,8459,105714,0.0996
2025-01-11,vlogger,tiktok,3895624,468048,24834,4257,3547,2840,35478,0.0758
2025-01-13,vlogger,tiktok,3899696,843545,45466,7794,6495,5197,64952,0.077
2025-01-14,vlogger,tiktok,3922454,903745,42575,7298,6082,4867,60822,0.0673
2025-01-15,vlogger,tiktok,3903012,780099,62524,10718,8932,7147,89321,0.1145
2025-01-18,vlogger,tiktok,3930454,441850,30774,5275,4396,3519,43964,0.0995
2025-01-19,vlogger,tiktok,3930093,565224,38220,6552,5460,4368,54600,0.0966
2025-01-20,vlogger,tiktok,3906351,1378432,89156,15284,12736,10191,127367,0.0924
2025-01-22,vlogger,tiktok,3922760,666659,28139,4823,4019,3218,40199,0.0603
2025-01-23,vlogger,tiktok,3946873,1100916,69742,11955,9963,7972,99632,0.0905
2025-01-25,vlogger,tiktok,3925265,532429,22845,3916,3263,2613,32637,0.0613
2025-01-26,vlogger,tiktok,3933399,1147755,45393,7781,6484,5190,64848,0.0565
2025-01-27,vlogger,tiktok,3946384,1145805,61678,10573,8811,7050,88112,0.0769
2025-01-29,vlogger,tiktok,3954261,498597,41253,7072,5893,4716,58934,0.1182
2025-01-30,vlogger,tiktok,3944046,1321064,105142,18024,15020,12018,150204,0.1137
2025-01-31,vlogger,tiktok,3941980,855621,36894,6324,5270,4218,52706,0.0616
2025-02-02,vlogger,tiktok,3969996,938585,64649,11082,9235,7390,92356,0.0984
2025-02-03,vlogger,tiktok,3975794,1342808,82058,14067,11722,9380,117227,0.0873
2025-02-05,vlogger,tiktok,3970857,1181955,75289,12906,10755,8607,107557,0.091
2025-02-06,vlogger,tiktok,3962278,1377423,99022,16975,14146,11318,141461,0.1027
2025-02-07,vlogger,tiktok,3953688,528546,41030,7033,5861,4691,58615,0.1109
2025-02-08,vlogger,tiktok,3955454,1243406,78421,13443,11203,8963,112030,0.0901
2025-02-10,vlogger,tiktok,3975624,698191,52294,8964,7470,5978,74706,0.107
2025-02-11,vlogger,tiktok,3976421,1198596,54284,9305,7754,6206,77549,0.0647
2025-02-12,vlogger,tiktok,3990178,425693,29470,5052,4210,3369,42101,0.0989
2025-02-15,vlogger,tiktok,3987339,933345,40376,6921,5768,4615,57680,0.0618
2025-02-16,vlogger,tiktok,3963653,1221231,48555,8323,6936,5551,69365,0.0568
2025-02-17,vlogger,tiktok,3996213,856872,47504,8143,6786,5431,67864,0.0792
2025-02-18,vlogger,tiktok,3973742,866769,42592,7301,6084,4870,60847,0.0702
2025-02-20,vlogger,tiktok,3985149,613433,26751,4585,3821,3059,38216,0.0623
2025-02-21,vlogger,tiktok,3994775,929579,38651,6625,5521,4419,55216,0.0594
2025-02-23,vlogger,tiktok,4019771,538398,32109,5504,4587,3671,45871,0.0852
2025-02-24,vlogger,tiktok,4035181,648859,40741,6984,5820,4657,58202,0.0897
2025-02-25,vlogger,tiktok,4007197,1209584,54273,9304,7753,6204,77534,0.0641
2025-02-28,vlogger,tiktok,4003817,622071,46418,7957,6631,5306,66312,0.1066
2025-03-01,vlogger,tiktok,4014480,1340029,111436,19103,15919,12737,159195,0.1188
2025-03-02,vlogger,tiktok,4020766,1385776,78476,13453,11210,8970,112109,0.0809
2025-03-05,vlogger,tiktok,4012327,1091609,44013,7545,6287,5031,62876,0.0576
2025-03-06,vlogger,tiktok,4039865,515075,20046,3436,2863,2293,28638,0.0556
2025-03-07,vlogger,tiktok,4023034,490282,20145,3453,2877,2304,28779,0.0587
2025-03-08,vlogger,tiktok,4028300,671235,24479,4196,3497,2799,34971,0.0521
2025-03-09,vlogger,tiktok,4032367,1228420,72230,12382,10318,8257,103187,0.084
2025-03-10,vlogger,tiktok,4031454,493419,17511,3001,2501,2003,25016,0.0507
2025-03-12,vlogger,tiktok,4040574,790954,64723,11095,9246,7398,92462,0.1169
2025-03-13,vlogger,tiktok,4024998,326796,24064,4125,3437,2752,34378,0.1052
2025-03-14,vlogger,tiktok,4027742,882038,40009,6858,5715,4574,57156,0.0648
2025-03-16,vlogger,tiktok,4025239,680521,36346,6230,5192,4155,51923,0.0763
2025-03-17,vlogger,tiktok,4045930,495008,40644,6967,5806,4647,58064,0.1173
2025-03-19,vlogger,tiktok,4054122,861835,50675,8687,7239,5793,72394,0.084
2025-03-20,vlogger,tiktok,4052262,548437,35434,6074,5062,4050,50620,0.0923
2025-03-21,vlogger,tiktok,4069078,555593,37996,6513,5428,4344,54281,0.0977
2025-03-22,vlogger,tiktok,4050706,476063,24026,4118,3432,2748,34324,0.0721
2025-03-25,vlogger,tiktok,4065015,596415,31436,5389,4491,3594,44910,0.0753
2025-03-26,vlogger,tiktok,4045617,1022377,66413,11385,9487,7591,94876,0.0928
2025-03-27,vlogger,tiktok,4056229,899072,69920,11986,9988,7992,99886,0.1111
2025-03-28,vlogger,tiktok,4071457,950530,33401,5725,4771,3819,47716,0.0502
2025-03-30,vlogger,tiktok,4077408,925607,50602,8674,7228,5785,72289,0.0781
2025-03-31,vlogger,tiktok,4065494,317998,25554,4380,3650,2922,36506,0.1148
2025-04-02,vlogger,tiktok,4072276,696371,28564,4896,4080,3267,40807,0.0586
2025-04-03,vlogger,tiktok,4056628,858289,70053,12009,10007,8007,100076,0.1166
2025-04-05,vlogger,tiktok,4074885,637882,30095,5159,4299,3440,42993,0.0674
2025-04-06,vlogger,tiktok,4092190,954853,65502,11229,9357,7487,93575,0.098
2025-04-07,vlogger,tiktok,4090369,796873,47971,8223,6853,5484,68531,0.086
2025-04-08,vlogger,tiktok,4091493,780435,27423,4701,3917,3136,39177,0.0502
2025-04-09,vlogger,tiktok,4088001,542482,44011,7544,6287,5031,62873,0.1159
2025-04-10,vlogger,tiktok,4089512,956919,63233,10839,9033,7228,90333,0.0944
2025-04-13,vlogger,tiktok,4087415,853066,70403,12069,10057,8047,100576,0.1179
2025-04-14,vlogger,tiktok,4106153,478023,32624,5592,4660,3731,46607,0.0975
2025-04-17,vlogger,tiktok,4108848,938806,55135,9451,7876,6303,78765,0.0839
2025-04-18,vlogger,tiktok,4111760,634200,46879,8036,6697,5359,66971,0.1056
2025-04-19,vlogger,tiktok,4101252,1164308,94297,16165,13471,10777,134710,0.1157
2025-04-20,vlogger,tiktok,4083219,938200,54706,9378,7815,6253,78152,0.0833
2025-04-22,vlogger,tiktok,4127377,470850,32629,5593,4661,3731,46614,0.099
2025-04-24,vlogger,tiktok,4111990,988353,53202,9120,7600,6082,76004,0.0769
2025-04-25,vlogger,tiktok,4109276,1272900,88924,15244,12703,10164,127035,0.0998
2025-04-26,vlogger,tiktok,4130550,1219531,95013,16287,13573,10860,135733,0.1113
2025-04-27,vlogger,tiktok,4119158,452411,31731,5439,4533,3628,45331,0.1002
2025-04-28,vlogger,tiktok,4139163,523296,31098,5331,4442,3556,44427,0.0849
2025-04-30,vlogger,tiktok,4137756,1494487,113296,19422,16185,12949,161852,0.1083
2025-05-02,vlogger,tiktok,4142658,925374,77148,13225,11021,8818,110212,0.1191
2025-05-03,vlogger,tiktok,4119265,1435579,113252,19414,16178,12945,161789,0.1127
2025-05-04,vlogger,tiktok,4153294,1002726,58819,10083,8402,6724,84028,0.0838
2025-05-05,vlogger,tiktok,4143528,605341,28389,4866,4055,3247,40557,0.067
2025-05-07,vlogger,tiktok,4139760,1160969,94351,16174,13478,10785,134788,0.1161
2025-05-08,vlogger,tiktok,4148169,1470290,59075,10127,8439,6753,84394,0.0574
2025-05-09,vlogger,tiktok,4126314,1391693,50657,8684,7236,5791,72368,0.052
2025-05-10,vlogger,tiktok,4155543,824268,42062,7210,6008,4809,60089,0.0729
2025-05-12,vlogger,tiktok,4141693,1167712,56890,9752,8127,6503,81272,0.0696
2025-05-13,vlogger,tiktok,4139690,1405885,95065,16296,13580,10867,135808,0.0966
2025-05-15,vlogger,tiktok,4141624,1103200,74830,12828,10690,8552,106900,0.0969
2025-05-16,vlogger,tiktok,4176555,1076004,86317,14797,12331,9865,123310,0.1146
2025-05-17,vlogger,tiktok,4156832,1234306,72922,12501,10417,8335,104175,0.0844
2025-05-19,vlogger,tiktok,4187944,642981,32991,5655,4713,3771,47130,0.0733
2025-05-20,vlogger,tiktok,4164093,1349471,85299,14622,12185,9751,121857,0.0903
2025-05-21,vlogger,tiktok,4151458,750865,28645,4910,4092,3275,40922,0.0545
2025-05-22,vlogger,tiktok,4160882,1149981,91526,15690,13075,10461,130752,0.1137
2025-05-25,vlogger,tiktok,4196469,1046691,73854,12660,10550,8442,105506,0.1008
2025-05-26,vlogger,tiktok,4181047,1341356,98589,16901,14084,11268,140842,0.105
2025-05-27,vlogger,tiktok,4178154,616401,34776,5961,4968,3976,49681,0.0806
2025-05-28,vlogger,tiktok,4189082,668670,31875,5464,4553,3644,45536,0.0681
2025-05-31,vlogger,tiktok,4199487,700007,28322,4855,4046,3237,40460,0.0578
2025-06-01,vlogger,tiktok,4209272,552724,35401,6068,5057,4048,50574,0.0915
2025-06-03,vlogger,tiktok,4217525,900655,73069,12526,10438,8352,104385,0.1159
2025-06-05,vlogger,tiktok,4198809,646935,26672,4572,3810,3050,38104,0.0589
2025-06-06,vlogger,tiktok,4188651,1020666,54728,9381,7818,6256,78183,0.0766
2025-06-07,vlogger,tiktok,4202196,885197,44489,7626,6355,5087,63557,0.0718
2025-06-08,vlogger,tiktok,4212736,701590,31086,5329,4441,3554,44410,0.0633
2025-06-09,vlogger,tiktok,4199307,1032711,57614,9876,8230,6587,82307,0.0797
2025-06-10,vlogger,tiktok,4201419,1169884,86641,14852,12377,9903,123773,0.1058
2025-06-11,vlogger,tiktok,4219900,932196,38369,6577,5481,4386,54813,0.0588
2025-06-12,vlogger,tiktok,4216971,441654,28256,4844,4036,3231,40367,0.0914
2025-06-15,vlogger,tiktok,4224105,1084472,38411,6584,5487,4392,54874,0.0506
2025-06-16,vlogger,tiktok,4216108,1049608,52973,9081,7567,6055,75676,0.0721
2025-06-17,vlogger,tiktok,4224835,534504,26489,4541,3784,3028,37842,0.0708
2025-06-19,vlogger,tiktok,4220093,470960,32175,5515,4596,3679,45965,0.0976
2025-06-21,vlogger,tiktok,4247207,990615,48400,8297,6914,5533,69144,0.0698
2025-06-22,vlogger,tiktok,4251091,1059960,81171,13915,11595,9278,115959,0.1094
2025-06-23,vlogger,tiktok,4216480,615920,22591,3872,3227,2584,32274,0.0524
2025-06-24,vlogger,tiktok,4230169,932997,55643,9538,7949,6361,79491,0.0852
2025-06-27,vlogger,tiktok,4229028,1065595,51542,8835,7363,5892,73632,0.0691
2025-06-28,vlogger,tiktok,4241847,882406,55715,9551,7959,6368,79593,0.0902
2025-06-29,vlogger,tiktok,4251105,592521,27001,4628,3857,3087,38573,0.0651
2025-06-30,vlogger,tiktok,4235702,391367,32244,5527,4606,3686,46063,0.1177
2025-07-01,vlogger,tiktok,4244467,472030,35255,6043,5036,4031,50365,0.1067
2025-07-02,vlogger,tiktok,4245447,1065300,74720,12809,10674,8540,106743,0.1002
2025-07-03,vlogger,tiktok,4262956,535335,43243,7413,6177,4944,61777,0.1154
2025-07-05,vlogger,tiktok,4265262,1132304,80449,13791,11492,9196,114928,0.1015
2025-07-08,vlogger,tiktok,4261232,1072781,78323,13426,11189,8953,111891,0.1043
2025-07-09,vlogger,tiktok,4274779,598401,42264,7245,6037,4832,60378,0.1009
2025-07-11,vlogger,tiktok,4269567,1121245,84059,14410,12008,9608,120085,0.1071
2025-07-12,vlogger,tiktok,4275128,360556,15420,2643,2202,1764,22029,0.0611
2025-07-13,vlogger,tiktok,4302140,707742,38395,6582,5485,4388,54850,0.0775
2025-07-16,vlogger,tiktok,4303991,644160,37470,6423,5352,4284,53529,0.0831
2025-07-17,vlogger,tiktok,4272066,403180,21844,3744,3120,2498,31206,0.0774
2025-07-18,vlogger,tiktok,4301502,587195,41472,7109,5924,4742,59247,0.1009
2025-07-19,vlogger,tiktok,4303305,948131,76058,13038,10865,8694,108655,0.1146
2025-07-20,vlogger,tiktok,4280095,426029,26362,4519,3766,3013,37660,0.0884
2025-07-21,vlogger,tiktok,4307479,1027366,52210,8950,7458,5968,74586,0.0726
2025-07-22,vlogger,tiktok,4318793,392814,30411,5213,4344,3477,43445,0.1106
2025-07-23,vlogger,tiktok,4286508,604727,48849,8374,6978,5584,69785,0.1154
2025-07-24,vlogger,tiktok,4291183,840599,56370,9663,8052,6444,80529,0.0958
2025-07-27,vlogger,tiktok,4322285,765970,43376,7435,6196,4959,61966,0.0809
2025-07-28,vlogger,tiktok,4314675,528716,41747,7156,5963,4773,59639,0.1128
2025-07-29,vlogger,tiktok,4320334,517539,38509,6601,5501,4403,55014,0.1063
2025-07-30,vlogger,tiktok,4319642,662681,44346,7602,6335,5069,63352,0.0956
2025-07-31,vlogger,tiktok,4322327,437030,33620,5763,4802,3844,48029,0.1099
2025-08-01,vlogger,tiktok,4302113,1091510,80225,13752,11460,9171,114608,0.105
2025-08-04,vlogger,tiktok,4338994,1213100,64875,11121,9268,7416,92680,0.0764
2025-08-05,vlogger,tiktok,4342622,499469,34123,5849,4874,3902,48748,0.0976
2025-08-08,vlogger,tiktok,4330559,664579,25074,4298,3582,2866,35820,0.0539
2025-08-09,vlogger,tiktok,4335010,1185720,69055,11838,9865,7893,98651,0.0832
2025-08-10,vlogger,tiktok,4317686,804773,32785,5620,4683,3749,46837,0.0582
2025-08-11,vlogger,tiktok,4346339,738843,38116,6534,5445,4357,54452,0.0737
2025-08-12,vlogger,tiktok,4349130,996646,42137,7223,6019,4818,60197,0.0604
2025-08-13,vlogger,tiktok,4342902,460581,21665,3714,3095,2477,30951,0.0672
2025-08-14,vlogger,tiktok,4360406,627223,34157,5855,4879,3906,48797,0.0778
2025-08-15,vlogger,tiktok,4343424,509743,32720,5609,4674,3740,46743,0.0917
2025-08-18,vlogger,tiktok,4361259,1062752,76029,13033,10861,8690,108613,0.1022
2025-08-20,vlogger,tiktok,4344622,977135,81668,14000,11666,9335,116669,0.1194
2025-08-22,vlogger,tiktok,4361713,805091,31728,5439,4532,3627,45326,0.0563
2025-08-23,vlogger,tiktok,4361773,736231,55297,9479,7899,6322,78997,0.1073
2025-08-24,vlogger,tiktok,4369041,805194,53150,9111,7592,6076,75929,0.0943
2025-08-25,vlogger,tiktok,4363282,496940,17670,3029,2524,2021,25244,0.0508
2025-08-26,vlogger,tiktok,4368435,1014229,41532,7119,5933,4748,59332,0.0585
2025-08-28,vlogger,tiktok,4385067,625233,49718,8523,7102,5683,71026,0.1136
2025-08-29,vlogger,tiktok,4370527,1399680,89257,15301,12751,10201,127510,0.0911
2025-08-30,vlogger,tiktok,4357194,1112977,65130,11165,9304,7445,93044,0.0836
2025-09-01,vlogger,tiktok,4405366,1045118,41407,7098,5915,4733,59153,0.0566
2025-09-03,vlogger,tiktok,4404612,1505597,81046,13893,11578,9263,115780,0.0769
2025-09-04,vlogger,tiktok,4371454,753037,52290,8964,7470,5977,74701,0.0992
2025-09-05,vlogger,tiktok,4399586,794672,32708,5607,4672,3739,46726,0.0588
2025-09-07,vlogger,tiktok,4387939,1403694,98258,16844,14036,11231,140369,0.1
2025-09-08,vlogger,tiktok,4400080,904985,55493,9513,7927,6343,79276,0.0876
2025-09-09,vlogger,tiktok,4402522,898663,62339,10686,8905,7127,89057,0.0991
2025-09-10,vlogger,tiktok,4397579,1346361,101030,17319,14432,11548,144329,0.1072
2025-09-11,vlogger,tiktok,4392355,529832,32303,5537,4614,3694,46148,0.0871
2025-09-12,vlogger,tiktok,4395617,1077526,81913,14042,11701,9363,117019,0.1086
2025-09-15,vlogger,tiktok,4398721,1214360,91210,15636,13030,10424,130300,0.1073
2025-09-16,vlogger,tiktok,4401867,701917,50460,8650,7208,5768,72086,0.1027
2025-09-17,vlogger,tiktok,4414024,599415,40322,6912,5760,4609,57603,0.0961
2025-09-18,vlogger,tiktok,4407463,1267120,97834,16771,13976,11182,139763,0.1103
2025-09-21,vlogger,tiktok,4432101,985693,34774,5961,4967,3976,49678,0.0504
2025-09-22,vlogger,tiktok,4444828,512376,25823,4426,3689,2953,36891,0.072
2025-09-23,vlogger,tiktok,4419415,1221164,77189,13232,11027,8823,110271,0.0903
2025-09-25,vlogger,tiktok,4434370,764483,30020,5146,4288,3433,42887,0.0561
2025-09-26,vlogger,tiktok,4439868,564796,40602,6960,5800,4642,58004,0.1027
2025-09-28,vlogger,tiktok,4443574,814847,33481,5739,4783,3828,47831,0.0587
2025-09-29,vlogger,tiktok,4440337,666254,54845,9402,7835,6269,78351,0.1176
2025-10-02,vlogger,tiktok,4455332,1237543,102567,17583,14652,11723,146525,0.1184
2025-10-03,vlogger,tiktok,4453897,521634,24610,4218,3515,2815,35158,0.0674
2025-10-04,vlogger,tiktok,4432976,1518129,123484,21168,17640,14114,176406,0.1162
2025-10-05,vlogger,tiktok,4463138,1094370,54007,9258,7715,6173,77153,0.0705
2025-10-06,vlogger,tiktok,4465420,1043752,43691,7489,6241,4995,62416,0.0598
2025-10-07,vlogger,tiktok,4445397,1529574,76983,13197,10997,8799,109976,0.0719
2025-10-08,vlogger,tiktok,4458141,1177484,98743,16927,14106,11286,141062,0.1198
2025-10-10,vlogger,tiktok,4470849,1276792,76594,13130,10942,8755,109421,0.0857
2025-10-11,vlogger,tiktok,4460934,520782,35142,6024,5020,4017,50203,0.0964
2025-10-13,vlogger,tiktok,4482187,637311,23465,4022,3352,2683,33522,0.0526
2025-10-15,vlogger,tiktok,4503587,727298,55951,9591,7993,6395,79930,0.1099
2025-10-16,vlogger,tiktok,4463359,1115475,46381,7951,6625,5302,66259,0.0594
2025-10-17,vlogger,tiktok,4457398,792598,50710,8693,7244,5796,72443,0.0914
2025-10-19,vlogger,tiktok,4484094,967573,68406,11726,9772,7820,97724,0.101
2025-10-20,vlogger,tiktok,4491748,778990,48258,8272,6894,5516,68940,0.0885
2025-10-21,vlogger,tiktok,4480974,662607,44294,7593,6327,5064,63278,0.0955
2025-10-24,vlogger,tiktok,4509759,1591918,91264,15645,13037,10432,130378,0.0819
2025-10-25,vlogger,tiktok,4474177,1574026,107317,18397,15331,12265,153310,0.0974
2025-10-26,vlogger,tiktok,4503594,713764,29977,5139,4282,3427,42825,0.06
2025-10-27,vlogger,tiktok,4488113,788639,51947,8905,7421,5937,74210,0.0941
2025-10-30,vlogger,tiktok,4525612,1242111,81991,14055,11713,9372,117131,0.0943
2025-10-31,vlogger,tiktok,4531348,1146231,80236,13754,11462,9171,114623,0.1
2025-11-01,vlogger,tiktok,4496092,1075688,71759,12301,10251,8202,102513,0.0953
2025-11-02,vlogger,tiktok,4501058,1443316,62134,10651,8876,7102,88763,0.0615
2025-11-05,vlogger,tiktok,4526236,1411249,71225,12210,10175,8141,101751,0.0721
2025-11-06,vlogger,tiktok,4511383,1615321,86500,14828,12357,9887,123572,0.0765
2025-11-07,vlogger,tiktok,4518047,794759,37440,6418,5348,4281,53487,0.0673
2025-11-08,vlogger,tiktok,4521041,1286437,78523,13461,11217,8976,112177,0.0872
2025-11-09,vlogger,tiktok,4496685,860918,47307,8109,6758,5408,67582,0.0785
2025-11-10,vlogger,tiktok,4524578,1554992,61172,10486,8739,6993,87390,0.0562
2025-11-12,vlogger,tiktok,4519463,648142,47411,8127,6773,5419,67730,0.1045
2025-11-13,vlogger,tiktok,4524166,800018,59304,10166,8472,6779,84721,0.1059
2025-11-15,vlogger,tiktok,4554577,1649279,65690,11261,9384,7508,93843,0.0569
2025-11-16,vlogger,tiktok,4519869,1603844,73648,12625,10521,8418,105212,0.0656
2025-11-17,vlogger,tiktok,4550079,625270,45869,7863,6552,5244,65528,0.1048
2025-11-18,vlogger,tiktok,4537240,1519167,92410,15841,13201,10563,132015,0.0869
2025-11-20,vlogger,tiktok,4541294,1438611,91840,15744,13120,10497,131201,0.0912
2025-11-21,vlogger,tiktok,4557925,896025,35562,6096,5080,4066,50804,0.0567
2025-11-23,vlogger,tiktok,4555854,815608,51440,8818,7348,5880,73486,0.0901
2025-11-25,vlogger,tiktok,4563078,597784,28872,4949,4124,3302,41247,0.069
2025-11-26,vlogger,tiktok,4570551,861430,32199,5520,4600,3681,46000,0.0534
2025-11-28,vlogger,tiktok,4556849,694584,49884,8551,7126,5703,71264,0.1026
2025-11-29,vlogger,tiktok,4555036,1288735,95984,16454,13712,10971,137121,0.1064
2025-11-30,vlogger,tiktok,4550589,1136800,83713,14350,11959,9569,119591,0.1052
2025-12-01,vlogger,tiktok,4556176,959967,75059,12867,10722,8580,107228,0.1117
2025-12-03,vlogger,tiktok,4612000,797891,51104,8760,7300,5843,73007,0.0915
2025-12-04,vlogger,tiktok,4590667,1341489,92120,15792,13160,10528,131600,0.0981
2025-12-05,vlogger,tiktok,4557077,649159,43623,7478,6231,4987,62319,0.096
2025-12-06,vlogger,tiktok,4559496,798753,50153,8597,7164,5734,71648,0.0897
2025-12-08,vlogger,tiktok,4588349,1251646,100144,17167,14306,11446,143063,0.1143
2025-12-09,vlogger,tiktok,4591286,1419170,75400,12925,10771,8619,107715,0.0759
2025-12-11,vlogger,tiktok,4595383,987037,67365,11548,9623,7700,96236,0.0975
2025-12-13,vlogger,tiktok,4588385,1010485,58001,9943,8285,6630,82859,0.082
2025-12-14,vlogger,tiktok,4592203,1047135,54827,9399,7832,6267,78325,0.0748
2025-12-17,vlogger,tiktok,4604559,1634903,80224,13752,11460,9170,114606,0.0701
2025-12-18,vlogger,tiktok,4603255,1351504,81738,14012,11676,9343,116769,0.0864
2025-12-19,vlogger,tiktok,4573450,754850,60606,10389,8658,6928,86581,0.1147
2025-12-20,vlogger,tiktok,4602962,588360,38920,6672,5560,4448,55600,0.0945
2025-12-21,vlogger,tiktok,4596402,1412367,70590,12101,10084,8068,100843,0.0714
2025-12-23,vlogger,tiktok,4614665,1253355,95806,16423,13686,10951,136866,0.1092
2025-12-24,vlogger,tiktok,4655599,782185,30333,5199,4333,3468,43333,0.0554
2025-12-25,vlogger,tiktok,4621398,1183173,46876,8036,6696,5359,66967,0.0566
2025-12-26,vlogger,tiktok,4613999,830684,32504,5572,4643,3716,46435,0.0559
2025-12-28,vlogger,tiktok,4635195,1470242,118456,20306,16922,13540,169224,0.1151
2025-12-29,vlogger,tiktok,4631143,1639212,58175,9972,8310,6651,83108,0.0507
2025-12-30,vlogger,tiktok,4632311,1620224,110466,18937,15780,12626,157809,0.0974
2025-12-31,vlogger,tiktok,4636941,1092805,45514,7802,6502,5203,65021,0.0595
